TARIH_DATE,GUN_TIPI,MEVSIM,CALISMA_DURUMU,AY_ADI,GUN_BILGISI,lag_1,lag_2,lag_3,lag_4,lag_5,lag_6,lag_7,lag_8,lag_9,lag_10,lag_11,lag_12,lag_13,lag_14,lag_15,lag_16,lag_17,lag_18,lag_19,lag_20,lag_21,KAZA_SAYISI
2021-12-23,Hafta İçi,Kış,İş Günü,December,Thursday,15.0,10.0,13.0,2.0,4.0,11.0,11.0,16.0,8.0,15.0,8.0,13.0,19.0,8.0,7.0,10.0,1.0,3.0,9.0,10.0,8.0,14
2021-12-24,Hafta İçi,Kış,İş Günü,December,Friday,14.0,15.0,10.0,13.0,2.0,4.0,11.0,11.0,16.0,8.0,15.0,8.0,13.0,19.0,8.0,7.0,10.0,1.0,3.0,9.0,10.0,14
2021-12-25,Hafta Sonu,Kış,Tatil Günü,December,Saturday,14.0,14.0,15.0,10.0,13.0,2.0,4.0,11.0,11.0,16.0,8.0,15.0,8.0,13.0,19.0,8.0,7.0,10.0,1.0,3.0,9.0,6
2021-12-27,Hafta İçi,Kış,İş Günü,December,Monday,6.0,14.0,14.0,15.0,10.0,13.0,2.0,4.0,11.0,11.0,16.0,8.0,15.0,8.0,13.0,19.0,8.0,7.0,10.0,1.0,3.0,7
2021-12-28,Hafta İçi,Kış,İş Günü,December,Tuesday,7.0,6.0,14.0,14.0,15.0,10.0,13.0,2.0,4.0,11.0,11.0,16.0,8.0,15.0,8.0,13.0,19.0,8.0,7.0,10.0,1.0,9
2021-12-29,Hafta İçi,Kış,İş Günü,December,Wednesday,9.0,7.0,6.0,14.0,14.0,15.0,10.0,13.0,2.0,4.0,11.0,11.0,16.0,8.0,15.0,8.0,13.0,19.0,8.0,7.0,10.0,10
2021-12-30,Hafta İçi,Kış,İş Günü,December,Thursday,10.0,9.0,7.0,6.0,14.0,14.0,15.0,10.0,13.0,2.0,4.0,11.0,11.0,16.0,8.0,15.0,8.0,13.0,19.0,8.0,7.0,9
2021-12-31,Resmi Tatil,Kış,Tatil Günü,December,Friday,9.0,10.0,9.0,7.0,6.0,14.0,14.0,15.0,10.0,13.0,2.0,4.0,11.0,11.0,16.0,8.0,15.0,8.0,13.0,19.0,8.0,8
2022-01-01,Resmi Tatil,Kış,Tatil Günü,January,Saturday,8.0,9.0,10.0,9.0,7.0,6.0,14.0,14.0,15.0,10.0,13.0,2.0,4.0,11.0,11.0,16.0,8.0,15.0,8.0,13.0,19.0,1
2022-01-02,Hafta Sonu,Kış,Tatil Günü,January,Sunday,1.0,8.0,9.0,10.0,9.0,7.0,6.0,14.0,14.0,15.0,10.0,13.0,2.0,4.0,11.0,11.0,16.0,8.0,15.0,8.0,13.0,3
2022-01-03,Hafta İçi,Kış,İş Günü,January,Monday,3.0,1.0,8.0,9.0,10.0,9.0,7.0,6.0,14.0,14.0,15.0,10.0,13.0,2.0,4.0,11.0,11.0,16.0,8.0,15.0,8.0,9
2022-01-04,Hafta İçi,Kış,İş Günü,January,Tuesday,9.0,3.0,1.0,8.0,9.0,10.0,9.0,7.0,6.0,14.0,14.0,15.0,10.0,13.0,2.0,4.0,11.0,11.0,16.0,8.0,15.0,7
2022-01-05,Hafta İçi,Kış,İş Günü,January,Wednesday,7.0,9.0,3.0,1.0,8.0,9.0,10.0,9.0,7.0,6.0,14.0,14.0,15.0,10.0,13.0,2.0,4.0,11.0,11.0,16.0,8.0,10
2022-01-06,Hafta İçi,Kış,İş Günü,January,Thursday,10.0,7.0,9.0,3.0,1.0,8.0,9.0,10.0,9.0,7.0,6.0,14.0,14.0,15.0,10.0,13.0,2.0,4.0,11.0,11.0,16.0,13
2022-01-07,Hafta İçi,Kış,İş Günü,January,Friday,13.0,10.0,7.0,9.0,3.0,1.0,8.0,9.0,10.0,9.0,7.0,6.0,14.0,14.0,15.0,10.0,13.0,2.0,4.0,11.0,11.0,10
2022-01-08,Hafta Sonu,Kış,Tatil Günü,January,Saturday,10.0,13.0,10.0,7.0,9.0,3.0,1.0,8.0,9.0,10.0,9.0,7.0,6.0,14.0,14.0,15.0,10.0,13.0,2.0,4.0,11.0,4
2022-01-09,Hafta Sonu,Kış,Tatil Günü,January,Sunday,4.0,10.0,13.0,10.0,7.0,9.0,3.0,1.0,8.0,9.0,10.0,9.0,7.0,6.0,14.0,14.0,15.0,10.0,13.0,2.0,4.0,1
2022-01-10,Hafta İçi,Kış,İş Günü,January,Monday,1.0,4.0,10.0,13.0,10.0,7.0,9.0,3.0,1.0,8.0,9.0,10.0,9.0,7.0,6.0,14.0,14.0,15.0,10.0,13.0,2.0,10
2022-01-11,Hafta İçi,Kış,İş Günü,January,Tuesday,10.0,1.0,4.0,10.0,13.0,10.0,7.0,9.0,3.0,1.0,8.0,9.0,10.0,9.0,7.0,6.0,14.0,14.0,15.0,10.0,13.0,12
2022-01-12,Hafta İçi,Kış,İş Günü,January,Wednesday,12.0,10.0,1.0,4.0,10.0,13.0,10.0,7.0,9.0,3.0,1.0,8.0,9.0,10.0,9.0,7.0,6.0,14.0,14.0,15.0,10.0,5
2022-01-13,Hafta İçi,Kış,İş Günü,January,Thursday,5.0,12.0,10.0,1.0,4.0,10.0,13.0,10.0,7.0,9.0,3.0,1.0,8.0,9.0,10.0,9.0,7.0,6.0,14.0,14.0,15.0,2
2022-01-14,Hafta İçi,Kış,İş Günü,January,Friday,2.0,5.0,12.0,10.0,1.0,4.0,10.0,13.0,10.0,7.0,9.0,3.0,1.0,8.0,9.0,10.0,9.0,7.0,6.0,14.0,14.0,8
2022-01-15,Hafta Sonu,Kış,Tatil Günü,January,Saturday,8.0,2.0,5.0,12.0,10.0,1.0,4.0,10.0,13.0,10.0,7.0,9.0,3.0,1.0,8.0,9.0,10.0,9.0,7.0,6.0,14.0,11
2022-01-16,Hafta Sonu,Kış,Tatil Günü,January,Sunday,11.0,8.0,2.0,5.0,12.0,10.0,1.0,4.0,10.0,13.0,10.0,7.0,9.0,3.0,1.0,8.0,9.0,10.0,9.0,7.0,6.0,4
2022-01-17,Hafta İçi,Kış,İş Günü,January,Monday,4.0,11.0,8.0,2.0,5.0,12.0,10.0,1.0,4.0,10.0,13.0,10.0,7.0,9.0,3.0,1.0,8.0,9.0,10.0,9.0,7.0,14
2022-01-18,Hafta İçi,Kış,İş Günü,January,Tuesday,14.0,4.0,11.0,8.0,2.0,5.0,12.0,10.0,1.0,4.0,10.0,13.0,10.0,7.0,9.0,3.0,1.0,8.0,9.0,10.0,9.0,12
2022-01-19,Hafta İçi,Kış,İş Günü,January,Wednesday,12.0,14.0,4.0,11.0,8.0,2.0,5.0,12.0,10.0,1.0,4.0,10.0,13.0,10.0,7.0,9.0,3.0,1.0,8.0,9.0,10.0,16
2022-01-20,Hafta İçi,Kış,İş Günü,January,Thursday,16.0,12.0,14.0,4.0,11.0,8.0,2.0,5.0,12.0,10.0,1.0,4.0,10.0,13.0,10.0,7.0,9.0,3.0,1.0,8.0,9.0,15
2022-01-21,Hafta İçi,Kış,İş Günü,January,Friday,15.0,16.0,12.0,14.0,4.0,11.0,8.0,2.0,5.0,12.0,10.0,1.0,4.0,10.0,13.0,10.0,7.0,9.0,3.0,1.0,8.0,7
2022-01-22,Hafta Sonu,Kış,Tatil Günü,January,Saturday,7.0,15.0,16.0,12.0,14.0,4.0,11.0,8.0,2.0,5.0,12.0,10.0,1.0,4.0,10.0,13.0,10.0,7.0,9.0,3.0,1.0,3
2022-01-23,Hafta Sonu,Kış,Tatil Günü,January,Sunday,3.0,7.0,15.0,16.0,12.0,14.0,4.0,11.0,8.0,2.0,5.0,12.0,10.0,1.0,4.0,10.0,13.0,10.0,7.0,9.0,3.0,4
2022-01-24,Hafta İçi,Kış,İş Günü,January,Monday,4.0,3.0,7.0,15.0,16.0,12.0,14.0,4.0,11.0,8.0,2.0,5.0,12.0,10.0,1.0,4.0,10.0,13.0,10.0,7.0,9.0,9
2022-01-25,Hafta İçi,Kış,İş Günü,January,Tuesday,9.0,4.0,3.0,7.0,15.0,16.0,12.0,14.0,4.0,11.0,8.0,2.0,5.0,12.0,10.0,1.0,4.0,10.0,13.0,10.0,7.0,12
2022-01-26,Hafta İçi,Kış,İş Günü,January,Wednesday,12.0,9.0,4.0,3.0,7.0,15.0,16.0,12.0,14.0,4.0,11.0,8.0,2.0,5.0,12.0,10.0,1.0,4.0,10.0,13.0,10.0,7
2022-01-27,Hafta İçi,Kış,İş Günü,January,Thursday,7.0,12.0,9.0,4.0,3.0,7.0,15.0,16.0,12.0,14.0,4.0,11.0,8.0,2.0,5.0,12.0,10.0,1.0,4.0,10.0,13.0,10
2022-01-28,Hafta İçi,Kış,İş Günü,January,Friday,10.0,7.0,12.0,9.0,4.0,3.0,7.0,15.0,16.0,12.0,14.0,4.0,11.0,8.0,2.0,5.0,12.0,10.0,1.0,4.0,10.0,22
2022-01-29,Hafta Sonu,Kış,Tatil Günü,January,Saturday,22.0,10.0,7.0,12.0,9.0,4.0,3.0,7.0,15.0,16.0,12.0,14.0,4.0,11.0,8.0,2.0,5.0,12.0,10.0,1.0,4.0,5
2022-01-30,Hafta Sonu,Kış,Tatil Günü,January,Sunday,5.0,22.0,10.0,7.0,12.0,9.0,4.0,3.0,7.0,15.0,16.0,12.0,14.0,4.0,11.0,8.0,2.0,5.0,12.0,10.0,1.0,3
2022-01-31,Hafta İçi,Kış,İş Günü,January,Monday,3.0,5.0,22.0,10.0,7.0,12.0,9.0,4.0,3.0,7.0,15.0,16.0,12.0,14.0,4.0,11.0,8.0,2.0,5.0,12.0,10.0,17
2022-02-01,Hafta İçi,Kış,İş Günü,February,Tuesday,17.0,3.0,5.0,22.0,10.0,7.0,12.0,9.0,4.0,3.0,7.0,15.0,16.0,12.0,14.0,4.0,11.0,8.0,2.0,5.0,12.0,11
2022-02-02,Hafta İçi,Kış,İş Günü,February,Wednesday,11.0,17.0,3.0,5.0,22.0,10.0,7.0,12.0,9.0,4.0,3.0,7.0,15.0,16.0,12.0,14.0,4.0,11.0,8.0,2.0,5.0,10
2022-02-03,Hafta İçi,Kış,İş Günü,February,Thursday,10.0,11.0,17.0,3.0,5.0,22.0,10.0,7.0,12.0,9.0,4.0,3.0,7.0,15.0,16.0,12.0,14.0,4.0,11.0,8.0,2.0,10
2022-02-04,Hafta İçi,Kış,İş Günü,February,Friday,10.0,10.0,11.0,17.0,3.0,5.0,22.0,10.0,7.0,12.0,9.0,4.0,3.0,7.0,15.0,16.0,12.0,14.0,4.0,11.0,8.0,9
2022-02-05,Hafta Sonu,Kış,Tatil Günü,February,Saturday,9.0,10.0,10.0,11.0,17.0,3.0,5.0,22.0,10.0,7.0,12.0,9.0,4.0,3.0,7.0,15.0,16.0,12.0,14.0,4.0,11.0,7
2022-02-06,Hafta Sonu,Kış,Tatil Günü,February,Sunday,7.0,9.0,10.0,10.0,11.0,17.0,3.0,5.0,22.0,10.0,7.0,12.0,9.0,4.0,3.0,7.0,15.0,16.0,12.0,14.0,4.0,6
2022-02-07,Hafta İçi,Kış,İş Günü,February,Monday,6.0,7.0,9.0,10.0,10.0,11.0,17.0,3.0,5.0,22.0,10.0,7.0,12.0,9.0,4.0,3.0,7.0,15.0,16.0,12.0,14.0,9
2022-02-08,Hafta İçi,Kış,İş Günü,February,Tuesday,9.0,6.0,7.0,9.0,10.0,10.0,11.0,17.0,3.0,5.0,22.0,10.0,7.0,12.0,9.0,4.0,3.0,7.0,15.0,16.0,12.0,9
2022-02-09,Hafta İçi,Kış,İş Günü,February,Wednesday,9.0,9.0,6.0,7.0,9.0,10.0,10.0,11.0,17.0,3.0,5.0,22.0,10.0,7.0,12.0,9.0,4.0,3.0,7.0,15.0,16.0,12
2022-02-10,Hafta İçi,Kış,İş Günü,February,Thursday,12.0,9.0,9.0,6.0,7.0,9.0,10.0,10.0,11.0,17.0,3.0,5.0,22.0,10.0,7.0,12.0,9.0,4.0,3.0,7.0,15.0,9
2022-02-11,Hafta İçi,Kış,İş Günü,February,Friday,9.0,12.0,9.0,9.0,6.0,7.0,9.0,10.0,10.0,11.0,17.0,3.0,5.0,22.0,10.0,7.0,12.0,9.0,4.0,3.0,7.0,20
2022-02-12,Hafta Sonu,Kış,Tatil Günü,February,Saturday,20.0,9.0,12.0,9.0,9.0,6.0,7.0,9.0,10.0,10.0,11.0,17.0,3.0,5.0,22.0,10.0,7.0,12.0,9.0,4.0,3.0,7
2022-02-13,Hafta Sonu,Kış,Tatil Günü,February,Sunday,7.0,20.0,9.0,12.0,9.0,9.0,6.0,7.0,9.0,10.0,10.0,11.0,17.0,3.0,5.0,22.0,10.0,7.0,12.0,9.0,4.0,2
2022-02-14,Hafta İçi,Kış,İş Günü,February,Monday,2.0,7.0,20.0,9.0,12.0,9.0,9.0,6.0,7.0,9.0,10.0,10.0,11.0,17.0,3.0,5.0,22.0,10.0,7.0,12.0,9.0,14
2022-02-15,Hafta İçi,Kış,İş Günü,February,Tuesday,14.0,2.0,7.0,20.0,9.0,12.0,9.0,9.0,6.0,7.0,9.0,10.0,10.0,11.0,17.0,3.0,5.0,22.0,10.0,7.0,12.0,12
2022-02-16,Hafta İçi,Kış,İş Günü,February,Wednesday,12.0,14.0,2.0,7.0,20.0,9.0,12.0,9.0,9.0,6.0,7.0,9.0,10.0,10.0,11.0,17.0,3.0,5.0,22.0,10.0,7.0,7
2022-02-17,Hafta İçi,Kış,İş Günü,February,Thursday,7.0,12.0,14.0,2.0,7.0,20.0,9.0,12.0,9.0,9.0,6.0,7.0,9.0,10.0,10.0,11.0,17.0,3.0,5.0,22.0,10.0,14
2022-02-18,Hafta İçi,Kış,İş Günü,February,Friday,14.0,7.0,12.0,14.0,2.0,7.0,20.0,9.0,12.0,9.0,9.0,6.0,7.0,9.0,10.0,10.0,11.0,17.0,3.0,5.0,22.0,12
2022-02-19,Hafta Sonu,Kış,Tatil Günü,February,Saturday,12.0,14.0,7.0,12.0,14.0,2.0,7.0,20.0,9.0,12.0,9.0,9.0,6.0,7.0,9.0,10.0,10.0,11.0,17.0,3.0,5.0,9
2022-02-20,Hafta Sonu,Kış,Tatil Günü,February,Sunday,9.0,12.0,14.0,7.0,12.0,14.0,2.0,7.0,20.0,9.0,12.0,9.0,9.0,6.0,7.0,9.0,10.0,10.0,11.0,17.0,3.0,2
2022-02-21,Hafta İçi,Kış,İş Günü,February,Monday,2.0,9.0,12.0,14.0,7.0,12.0,14.0,2.0,7.0,20.0,9.0,12.0,9.0,9.0,6.0,7.0,9.0,10.0,10.0,11.0,17.0,12
2022-02-22,Hafta İçi,Kış,İş Günü,February,Tuesday,12.0,2.0,9.0,12.0,14.0,7.0,12.0,14.0,2.0,7.0,20.0,9.0,12.0,9.0,9.0,6.0,7.0,9.0,10.0,10.0,11.0,18
2022-02-23,Hafta İçi,Kış,İş Günü,February,Wednesday,18.0,12.0,2.0,9.0,12.0,14.0,7.0,12.0,14.0,2.0,7.0,20.0,9.0,12.0,9.0,9.0,6.0,7.0,9.0,10.0,10.0,8
2022-02-24,Hafta İçi,Kış,İş Günü,February,Thursday,8.0,18.0,12.0,2.0,9.0,12.0,14.0,7.0,12.0,14.0,2.0,7.0,20.0,9.0,12.0,9.0,9.0,6.0,7.0,9.0,10.0,9
2022-02-25,Hafta İçi,Kış,İş Günü,February,Friday,9.0,8.0,18.0,12.0,2.0,9.0,12.0,14.0,7.0,12.0,14.0,2.0,7.0,20.0,9.0,12.0,9.0,9.0,6.0,7.0,9.0,8
2022-02-26,Hafta Sonu,Kış,Tatil Günü,February,Saturday,8.0,9.0,8.0,18.0,12.0,2.0,9.0,12.0,14.0,7.0,12.0,14.0,2.0,7.0,20.0,9.0,12.0,9.0,9.0,6.0,7.0,8
2022-02-27,Hafta Sonu,Kış,Tatil Günü,February,Sunday,8.0,8.0,9.0,8.0,18.0,12.0,2.0,9.0,12.0,14.0,7.0,12.0,14.0,2.0,7.0,20.0,9.0,12.0,9.0,9.0,6.0,5
2022-02-28,Hafta İçi,Kış,İş Günü,February,Monday,5.0,8.0,8.0,9.0,8.0,18.0,12.0,2.0,9.0,12.0,14.0,7.0,12.0,14.0,2.0,7.0,20.0,9.0,12.0,9.0,9.0,16
2022-03-01,Hafta İçi,İlkbahar,İş Günü,March,Tuesday,16.0,5.0,8.0,8.0,9.0,8.0,18.0,12.0,2.0,9.0,12.0,14.0,7.0,12.0,14.0,2.0,7.0,20.0,9.0,12.0,9.0,10
2022-03-02,Hafta İçi,İlkbahar,İş Günü,March,Wednesday,10.0,16.0,5.0,8.0,8.0,9.0,8.0,18.0,12.0,2.0,9.0,12.0,14.0,7.0,12.0,14.0,2.0,7.0,20.0,9.0,12.0,13
2022-03-03,Hafta İçi,İlkbahar,İş Günü,March,Thursday,13.0,10.0,16.0,5.0,8.0,8.0,9.0,8.0,18.0,12.0,2.0,9.0,12.0,14.0,7.0,12.0,14.0,2.0,7.0,20.0,9.0,12
2022-03-04,Hafta İçi,İlkbahar,İş Günü,March,Friday,12.0,13.0,10.0,16.0,5.0,8.0,8.0,9.0,8.0,18.0,12.0,2.0,9.0,12.0,14.0,7.0,12.0,14.0,2.0,7.0,20.0,9
2022-03-05,Hafta Sonu,İlkbahar,Tatil Günü,March,Saturday,9.0,12.0,13.0,10.0,16.0,5.0,8.0,8.0,9.0,8.0,18.0,12.0,2.0,9.0,12.0,14.0,7.0,12.0,14.0,2.0,7.0,3
2022-03-06,Hafta Sonu,İlkbahar,Tatil Günü,March,Sunday,3.0,9.0,12.0,13.0,10.0,16.0,5.0,8.0,8.0,9.0,8.0,18.0,12.0,2.0,9.0,12.0,14.0,7.0,12.0,14.0,2.0,4
2022-03-07,Hafta İçi,İlkbahar,İş Günü,March,Monday,4.0,3.0,9.0,12.0,13.0,10.0,16.0,5.0,8.0,8.0,9.0,8.0,18.0,12.0,2.0,9.0,12.0,14.0,7.0,12.0,14.0,10
2022-03-08,Hafta İçi,İlkbahar,İş Günü,March,Tuesday,10.0,4.0,3.0,9.0,12.0,13.0,10.0,16.0,5.0,8.0,8.0,9.0,8.0,18.0,12.0,2.0,9.0,12.0,14.0,7.0,12.0,11
2022-03-09,Hafta İçi,İlkbahar,İş Günü,March,Wednesday,11.0,10.0,4.0,3.0,9.0,12.0,13.0,10.0,16.0,5.0,8.0,8.0,9.0,8.0,18.0,12.0,2.0,9.0,12.0,14.0,7.0,7
2022-03-10,Hafta İçi,İlkbahar,İş Günü,March,Thursday,7.0,11.0,10.0,4.0,3.0,9.0,12.0,13.0,10.0,16.0,5.0,8.0,8.0,9.0,8.0,18.0,12.0,2.0,9.0,12.0,14.0,6
2022-03-11,Hafta İçi,İlkbahar,İş Günü,March,Friday,6.0,7.0,11.0,10.0,4.0,3.0,9.0,12.0,13.0,10.0,16.0,5.0,8.0,8.0,9.0,8.0,18.0,12.0,2.0,9.0,12.0,9
2022-03-12,Hafta Sonu,İlkbahar,Tatil Günü,March,Saturday,9.0,6.0,7.0,11.0,10.0,4.0,3.0,9.0,12.0,13.0,10.0,16.0,5.0,8.0,8.0,9.0,8.0,18.0,12.0,2.0,9.0,3
2022-03-14,Hafta İçi,İlkbahar,İş Günü,March,Monday,3.0,9.0,6.0,7.0,11.0,10.0,4.0,3.0,9.0,12.0,13.0,10.0,16.0,5.0,8.0,8.0,9.0,8.0,18.0,12.0,2.0,12
2022-03-15,Hafta İçi,İlkbahar,İş Günü,March,Tuesday,12.0,3.0,9.0,6.0,7.0,11.0,10.0,4.0,3.0,9.0,12.0,13.0,10.0,16.0,5.0,8.0,8.0,9.0,8.0,18.0,12.0,14
2022-03-16,Hafta İçi,İlkbahar,İş Günü,March,Wednesday,14.0,12.0,3.0,9.0,6.0,7.0,11.0,10.0,4.0,3.0,9.0,12.0,13.0,10.0,16.0,5.0,8.0,8.0,9.0,8.0,18.0,4
2022-03-17,Hafta İçi,İlkbahar,İş Günü,March,Thursday,4.0,14.0,12.0,3.0,9.0,6.0,7.0,11.0,10.0,4.0,3.0,9.0,12.0,13.0,10.0,16.0,5.0,8.0,8.0,9.0,8.0,11
2022-03-18,Hafta İçi,İlkbahar,İş Günü,March,Friday,11.0,4.0,14.0,12.0,3.0,9.0,6.0,7.0,11.0,10.0,4.0,3.0,9.0,12.0,13.0,10.0,16.0,5.0,8.0,8.0,9.0,13
2022-03-19,Hafta Sonu,İlkbahar,Tatil Günü,March,Saturday,13.0,11.0,4.0,14.0,12.0,3.0,9.0,6.0,7.0,11.0,10.0,4.0,3.0,9.0,12.0,13.0,10.0,16.0,5.0,8.0,8.0,7
2022-03-20,Hafta Sonu,İlkbahar,Tatil Günü,March,Sunday,7.0,13.0,11.0,4.0,14.0,12.0,3.0,9.0,6.0,7.0,11.0,10.0,4.0,3.0,9.0,12.0,13.0,10.0,16.0,5.0,8.0,5
2022-03-21,Hafta İçi,İlkbahar,İş Günü,March,Monday,5.0,7.0,13.0,11.0,4.0,14.0,12.0,3.0,9.0,6.0,7.0,11.0,10.0,4.0,3.0,9.0,12.0,13.0,10.0,16.0,5.0,13
2022-03-22,Hafta İçi,İlkbahar,İş Günü,March,Tuesday,13.0,5.0,7.0,13.0,11.0,4.0,14.0,12.0,3.0,9.0,6.0,7.0,11.0,10.0,4.0,3.0,9.0,12.0,13.0,10.0,16.0,12
2022-03-23,Hafta İçi,İlkbahar,İş Günü,March,Wednesday,12.0,13.0,5.0,7.0,13.0,11.0,4.0,14.0,12.0,3.0,9.0,6.0,7.0,11.0,10.0,4.0,3.0,9.0,12.0,13.0,10.0,10
2022-03-24,Hafta İçi,İlkbahar,İş Günü,March,Thursday,10.0,12.0,13.0,5.0,7.0,13.0,11.0,4.0,14.0,12.0,3.0,9.0,6.0,7.0,11.0,10.0,4.0,3.0,9.0,12.0,13.0,8
2022-03-25,Hafta İçi,İlkbahar,İş Günü,March,Friday,8.0,10.0,12.0,13.0,5.0,7.0,13.0,11.0,4.0,14.0,12.0,3.0,9.0,6.0,7.0,11.0,10.0,4.0,3.0,9.0,12.0,11
2022-03-26,Hafta Sonu,İlkbahar,Tatil Günü,March,Saturday,11.0,8.0,10.0,12.0,13.0,5.0,7.0,13.0,11.0,4.0,14.0,12.0,3.0,9.0,6.0,7.0,11.0,10.0,4.0,3.0,9.0,15
2022-03-27,Hafta Sonu,İlkbahar,Tatil Günü,March,Sunday,15.0,11.0,8.0,10.0,12.0,13.0,5.0,7.0,13.0,11.0,4.0,14.0,12.0,3.0,9.0,6.0,7.0,11.0,10.0,4.0,3.0,4
2022-03-28,Hafta İçi,İlkbahar,İş Günü,March,Monday,4.0,15.0,11.0,8.0,10.0,12.0,13.0,5.0,7.0,13.0,11.0,4.0,14.0,12.0,3.0,9.0,6.0,7.0,11.0,10.0,4.0,13
2022-03-29,Hafta İçi,İlkbahar,İş Günü,March,Tuesday,13.0,4.0,15.0,11.0,8.0,10.0,12.0,13.0,5.0,7.0,13.0,11.0,4.0,14.0,12.0,3.0,9.0,6.0,7.0,11.0,10.0,5
2022-03-30,Hafta İçi,İlkbahar,İş Günü,March,Wednesday,5.0,13.0,4.0,15.0,11.0,8.0,10.0,12.0,13.0,5.0,7.0,13.0,11.0,4.0,14.0,12.0,3.0,9.0,6.0,7.0,11.0,12
2022-03-31,Hafta İçi,İlkbahar,İş Günü,March,Thursday,12.0,5.0,13.0,4.0,15.0,11.0,8.0,10.0,12.0,13.0,5.0,7.0,13.0,11.0,4.0,14.0,12.0,3.0,9.0,6.0,7.0,9
2022-04-01,Hafta İçi,İlkbahar,İş Günü,April,Friday,9.0,12.0,5.0,13.0,4.0,15.0,11.0,8.0,10.0,12.0,13.0,5.0,7.0,13.0,11.0,4.0,14.0,12.0,3.0,9.0,6.0,15
2022-04-02,Hafta Sonu,İlkbahar,Tatil Günü,April,Saturday,15.0,9.0,12.0,5.0,13.0,4.0,15.0,11.0,8.0,10.0,12.0,13.0,5.0,7.0,13.0,11.0,4.0,14.0,12.0,3.0,9.0,2
2022-04-03,Hafta Sonu,İlkbahar,Tatil Günü,April,Sunday,2.0,15.0,9.0,12.0,5.0,13.0,4.0,15.0,11.0,8.0,10.0,12.0,13.0,5.0,7.0,13.0,11.0,4.0,14.0,12.0,3.0,5
2022-04-04,Hafta İçi,İlkbahar,İş Günü,April,Monday,5.0,2.0,15.0,9.0,12.0,5.0,13.0,4.0,15.0,11.0,8.0,10.0,12.0,13.0,5.0,7.0,13.0,11.0,4.0,14.0,12.0,11
2022-04-05,Hafta İçi,İlkbahar,İş Günü,April,Tuesday,11.0,5.0,2.0,15.0,9.0,12.0,5.0,13.0,4.0,15.0,11.0,8.0,10.0,12.0,13.0,5.0,7.0,13.0,11.0,4.0,14.0,19
2022-04-06,Hafta İçi,İlkbahar,İş Günü,April,Wednesday,19.0,11.0,5.0,2.0,15.0,9.0,12.0,5.0,13.0,4.0,15.0,11.0,8.0,10.0,12.0,13.0,5.0,7.0,13.0,11.0,4.0,8
2022-04-07,Hafta İçi,İlkbahar,İş Günü,April,Thursday,8.0,19.0,11.0,5.0,2.0,15.0,9.0,12.0,5.0,13.0,4.0,15.0,11.0,8.0,10.0,12.0,13.0,5.0,7.0,13.0,11.0,10
2022-04-08,Hafta İçi,İlkbahar,İş Günü,April,Friday,10.0,8.0,19.0,11.0,5.0,2.0,15.0,9.0,12.0,5.0,13.0,4.0,15.0,11.0,8.0,10.0,12.0,13.0,5.0,7.0,13.0,11
2022-04-09,Hafta Sonu,İlkbahar,Tatil Günü,April,Saturday,11.0,10.0,8.0,19.0,11.0,5.0,2.0,15.0,9.0,12.0,5.0,13.0,4.0,15.0,11.0,8.0,10.0,12.0,13.0,5.0,7.0,13
2022-04-10,Hafta Sonu,İlkbahar,Tatil Günü,April,Sunday,13.0,11.0,10.0,8.0,19.0,11.0,5.0,2.0,15.0,9.0,12.0,5.0,13.0,4.0,15.0,11.0,8.0,10.0,12.0,13.0,5.0,7
2022-04-11,Hafta İçi,İlkbahar,İş Günü,April,Monday,7.0,13.0,11.0,10.0,8.0,19.0,11.0,5.0,2.0,15.0,9.0,12.0,5.0,13.0,4.0,15.0,11.0,8.0,10.0,12.0,13.0,10
2022-04-12,Hafta İçi,İlkbahar,İş Günü,April,Tuesday,10.0,7.0,13.0,11.0,10.0,8.0,19.0,11.0,5.0,2.0,15.0,9.0,12.0,5.0,13.0,4.0,15.0,11.0,8.0,10.0,12.0,9
2022-04-13,Hafta İçi,İlkbahar,İş Günü,April,Wednesday,9.0,10.0,7.0,13.0,11.0,10.0,8.0,19.0,11.0,5.0,2.0,15.0,9.0,12.0,5.0,13.0,4.0,15.0,11.0,8.0,10.0,6
2022-04-14,Hafta İçi,İlkbahar,İş Günü,April,Thursday,6.0,9.0,10.0,7.0,13.0,11.0,10.0,8.0,19.0,11.0,5.0,2.0,15.0,9.0,12.0,5.0,13.0,4.0,15.0,11.0,8.0,15
2022-04-15,Hafta İçi,İlkbahar,İş Günü,April,Friday,15.0,6.0,9.0,10.0,7.0,13.0,11.0,10.0,8.0,19.0,11.0,5.0,2.0,15.0,9.0,12.0,5.0,13.0,4.0,15.0,11.0,13
2022-04-16,Hafta Sonu,İlkbahar,Tatil Günü,April,Saturday,13.0,15.0,6.0,9.0,10.0,7.0,13.0,11.0,10.0,8.0,19.0,11.0,5.0,2.0,15.0,9.0,12.0,5.0,13.0,4.0,15.0,7
2022-04-17,Hafta Sonu,İlkbahar,Tatil Günü,April,Sunday,7.0,13.0,15.0,6.0,9.0,10.0,7.0,13.0,11.0,10.0,8.0,19.0,11.0,5.0,2.0,15.0,9.0,12.0,5.0,13.0,4.0,4
2022-04-18,Hafta İçi,İlkbahar,İş Günü,April,Monday,4.0,7.0,13.0,15.0,6.0,9.0,10.0,7.0,13.0,11.0,10.0,8.0,19.0,11.0,5.0,2.0,15.0,9.0,12.0,5.0,13.0,9
2022-04-19,Hafta İçi,İlkbahar,İş Günü,April,Tuesday,9.0,4.0,7.0,13.0,15.0,6.0,9.0,10.0,7.0,13.0,11.0,10.0,8.0,19.0,11.0,5.0,2.0,15.0,9.0,12.0,5.0,4
2022-04-20,Hafta İçi,İlkbahar,İş Günü,April,Wednesday,4.0,9.0,4.0,7.0,13.0,15.0,6.0,9.0,10.0,7.0,13.0,11.0,10.0,8.0,19.0,11.0,5.0,2.0,15.0,9.0,12.0,12
2022-04-21,Hafta İçi,İlkbahar,İş Günü,April,Thursday,12.0,4.0,9.0,4.0,7.0,13.0,15.0,6.0,9.0,10.0,7.0,13.0,11.0,10.0,8.0,19.0,11.0,5.0,2.0,15.0,9.0,10
2022-04-22,Hafta İçi,İlkbahar,İş Günü,April,Friday,10.0,12.0,4.0,9.0,4.0,7.0,13.0,15.0,6.0,9.0,10.0,7.0,13.0,11.0,10.0,8.0,19.0,11.0,5.0,2.0,15.0,14
2022-04-23,Resmi Tatil,İlkbahar,Tatil Günü,April,Saturday,14.0,10.0,12.0,4.0,9.0,4.0,7.0,13.0,15.0,6.0,9.0,10.0,7.0,13.0,11.0,10.0,8.0,19.0,11.0,5.0,2.0,10
2022-04-24,Hafta Sonu,İlkbahar,Tatil Günü,April,Sunday,10.0,14.0,10.0,12.0,4.0,9.0,4.0,7.0,13.0,15.0,6.0,9.0,10.0,7.0,13.0,11.0,10.0,8.0,19.0,11.0,5.0,4
2022-04-25,Hafta İçi,İlkbahar,İş Günü,April,Monday,4.0,10.0,14.0,10.0,12.0,4.0,9.0,4.0,7.0,13.0,15.0,6.0,9.0,10.0,7.0,13.0,11.0,10.0,8.0,19.0,11.0,23
2022-04-26,Hafta İçi,İlkbahar,İş Günü,April,Tuesday,23.0,4.0,10.0,14.0,10.0,12.0,4.0,9.0,4.0,7.0,13.0,15.0,6.0,9.0,10.0,7.0,13.0,11.0,10.0,8.0,19.0,18
2022-04-27,Hafta İçi,İlkbahar,İş Günü,April,Wednesday,18.0,23.0,4.0,10.0,14.0,10.0,12.0,4.0,9.0,4.0,7.0,13.0,15.0,6.0,9.0,10.0,7.0,13.0,11.0,10.0,8.0,13
2022-04-28,Hafta İçi,İlkbahar,İş Günü,April,Thursday,13.0,18.0,23.0,4.0,10.0,14.0,10.0,12.0,4.0,9.0,4.0,7.0,13.0,15.0,6.0,9.0,10.0,7.0,13.0,11.0,10.0,15
2022-04-29,Hafta İçi,İlkbahar,İş Günü,April,Friday,15.0,13.0,18.0,23.0,4.0,10.0,14.0,10.0,12.0,4.0,9.0,4.0,7.0,13.0,15.0,6.0,9.0,10.0,7.0,13.0,11.0,22
2022-04-30,Hafta Sonu,İlkbahar,Tatil Günü,April,Saturday,22.0,15.0,13.0,18.0,23.0,4.0,10.0,14.0,10.0,12.0,4.0,9.0,4.0,7.0,13.0,15.0,6.0,9.0,10.0,7.0,13.0,3
2022-05-01,Resmi Tatil,İlkbahar,Tatil Günü,May,Sunday,3.0,22.0,15.0,13.0,18.0,23.0,4.0,10.0,14.0,10.0,12.0,4.0,9.0,4.0,7.0,13.0,15.0,6.0,9.0,10.0,7.0,1
2022-05-02,Resmi Tatil,İlkbahar,Tatil Günü,May,Monday,1.0,3.0,22.0,15.0,13.0,18.0,23.0,4.0,10.0,14.0,10.0,12.0,4.0,9.0,4.0,7.0,13.0,15.0,6.0,9.0,10.0,8
2022-05-03,Resmi Tatil,İlkbahar,Tatil Günü,May,Tuesday,8.0,1.0,3.0,22.0,15.0,13.0,18.0,23.0,4.0,10.0,14.0,10.0,12.0,4.0,9.0,4.0,7.0,13.0,15.0,6.0,9.0,8
2022-05-04,Resmi Tatil,İlkbahar,Tatil Günü,May,Wednesday,8.0,8.0,1.0,3.0,22.0,15.0,13.0,18.0,23.0,4.0,10.0,14.0,10.0,12.0,4.0,9.0,4.0,7.0,13.0,15.0,6.0,10
2022-05-05,Hafta İçi,İlkbahar,İş Günü,May,Thursday,10.0,8.0,8.0,1.0,3.0,22.0,15.0,13.0,18.0,23.0,4.0,10.0,14.0,10.0,12.0,4.0,9.0,4.0,7.0,13.0,15.0,7
2022-05-06,Hafta İçi,İlkbahar,İş Günü,May,Friday,7.0,10.0,8.0,8.0,1.0,3.0,22.0,15.0,13.0,18.0,23.0,4.0,10.0,14.0,10.0,12.0,4.0,9.0,4.0,7.0,13.0,9
2022-05-07,Hafta Sonu,İlkbahar,Tatil Günü,May,Saturday,9.0,7.0,10.0,8.0,8.0,1.0,3.0,22.0,15.0,13.0,18.0,23.0,4.0,10.0,14.0,10.0,12.0,4.0,9.0,4.0,7.0,7
2022-05-08,Hafta Sonu,İlkbahar,Tatil Günü,May,Sunday,7.0,9.0,7.0,10.0,8.0,8.0,1.0,3.0,22.0,15.0,13.0,18.0,23.0,4.0,10.0,14.0,10.0,12.0,4.0,9.0,4.0,5
2022-05-09,Hafta İçi,İlkbahar,İş Günü,May,Monday,5.0,7.0,9.0,7.0,10.0,8.0,8.0,1.0,3.0,22.0,15.0,13.0,18.0,23.0,4.0,10.0,14.0,10.0,12.0,4.0,9.0,15
2022-05-10,Hafta İçi,İlkbahar,İş Günü,May,Tuesday,15.0,5.0,7.0,9.0,7.0,10.0,8.0,8.0,1.0,3.0,22.0,15.0,13.0,18.0,23.0,4.0,10.0,14.0,10.0,12.0,4.0,6
2022-05-11,Hafta İçi,İlkbahar,İş Günü,May,Wednesday,6.0,15.0,5.0,7.0,9.0,7.0,10.0,8.0,8.0,1.0,3.0,22.0,15.0,13.0,18.0,23.0,4.0,10.0,14.0,10.0,12.0,13
2022-05-12,Hafta İçi,İlkbahar,İş Günü,May,Thursday,13.0,6.0,15.0,5.0,7.0,9.0,7.0,10.0,8.0,8.0,1.0,3.0,22.0,15.0,13.0,18.0,23.0,4.0,10.0,14.0,10.0,7
2022-05-13,Hafta İçi,İlkbahar,İş Günü,May,Friday,7.0,13.0,6.0,15.0,5.0,7.0,9.0,7.0,10.0,8.0,8.0,1.0,3.0,22.0,15.0,13.0,18.0,23.0,4.0,10.0,14.0,10
2022-05-14,Hafta Sonu,İlkbahar,Tatil Günü,May,Saturday,10.0,7.0,13.0,6.0,15.0,5.0,7.0,9.0,7.0,10.0,8.0,8.0,1.0,3.0,22.0,15.0,13.0,18.0,23.0,4.0,10.0,9
2022-05-15,Hafta Sonu,İlkbahar,Tatil Günü,May,Sunday,9.0,10.0,7.0,13.0,6.0,15.0,5.0,7.0,9.0,7.0,10.0,8.0,8.0,1.0,3.0,22.0,15.0,13.0,18.0,23.0,4.0,1
2022-05-16,Hafta İçi,İlkbahar,İş Günü,May,Monday,1.0,9.0,10.0,7.0,13.0,6.0,15.0,5.0,7.0,9.0,7.0,10.0,8.0,8.0,1.0,3.0,22.0,15.0,13.0,18.0,23.0,7
2022-05-17,Hafta İçi,İlkbahar,İş Günü,May,Tuesday,7.0,1.0,9.0,10.0,7.0,13.0,6.0,15.0,5.0,7.0,9.0,7.0,10.0,8.0,8.0,1.0,3.0,22.0,15.0,13.0,18.0,8
2022-05-18,Hafta İçi,İlkbahar,İş Günü,May,Wednesday,8.0,7.0,1.0,9.0,10.0,7.0,13.0,6.0,15.0,5.0,7.0,9.0,7.0,10.0,8.0,8.0,1.0,3.0,22.0,15.0,13.0,5
2022-05-19,Resmi Tatil,İlkbahar,Tatil Günü,May,Thursday,5.0,8.0,7.0,1.0,9.0,10.0,7.0,13.0,6.0,15.0,5.0,7.0,9.0,7.0,10.0,8.0,8.0,1.0,3.0,22.0,15.0,3
2022-05-20,Hafta İçi,İlkbahar,İş Günü,May,Friday,3.0,5.0,8.0,7.0,1.0,9.0,10.0,7.0,13.0,6.0,15.0,5.0,7.0,9.0,7.0,10.0,8.0,8.0,1.0,3.0,22.0,16
2022-05-21,Hafta Sonu,İlkbahar,Tatil Günü,May,Saturday,16.0,3.0,5.0,8.0,7.0,1.0,9.0,10.0,7.0,13.0,6.0,15.0,5.0,7.0,9.0,7.0,10.0,8.0,8.0,1.0,3.0,10
2022-05-22,Hafta Sonu,İlkbahar,Tatil Günü,May,Sunday,10.0,16.0,3.0,5.0,8.0,7.0,1.0,9.0,10.0,7.0,13.0,6.0,15.0,5.0,7.0,9.0,7.0,10.0,8.0,8.0,1.0,2
2022-05-23,Hafta İçi,İlkbahar,İş Günü,May,Monday,2.0,10.0,16.0,3.0,5.0,8.0,7.0,1.0,9.0,10.0,7.0,13.0,6.0,15.0,5.0,7.0,9.0,7.0,10.0,8.0,8.0,13
2022-05-24,Hafta İçi,İlkbahar,İş Günü,May,Tuesday,13.0,2.0,10.0,16.0,3.0,5.0,8.0,7.0,1.0,9.0,10.0,7.0,13.0,6.0,15.0,5.0,7.0,9.0,7.0,10.0,8.0,15
2022-05-25,Hafta İçi,İlkbahar,İş Günü,May,Wednesday,15.0,13.0,2.0,10.0,16.0,3.0,5.0,8.0,7.0,1.0,9.0,10.0,7.0,13.0,6.0,15.0,5.0,7.0,9.0,7.0,10.0,8
2022-05-26,Hafta İçi,İlkbahar,İş Günü,May,Thursday,8.0,15.0,13.0,2.0,10.0,16.0,3.0,5.0,8.0,7.0,1.0,9.0,10.0,7.0,13.0,6.0,15.0,5.0,7.0,9.0,7.0,13
2022-05-27,Hafta İçi,İlkbahar,İş Günü,May,Friday,13.0,8.0,15.0,13.0,2.0,10.0,16.0,3.0,5.0,8.0,7.0,1.0,9.0,10.0,7.0,13.0,6.0,15.0,5.0,7.0,9.0,11
2022-05-28,Hafta Sonu,İlkbahar,Tatil Günü,May,Saturday,11.0,13.0,8.0,15.0,13.0,2.0,10.0,16.0,3.0,5.0,8.0,7.0,1.0,9.0,10.0,7.0,13.0,6.0,15.0,5.0,7.0,8
2022-05-29,Hafta Sonu,İlkbahar,Tatil Günü,May,Sunday,8.0,11.0,13.0,8.0,15.0,13.0,2.0,10.0,16.0,3.0,5.0,8.0,7.0,1.0,9.0,10.0,7.0,13.0,6.0,15.0,5.0,5
2022-05-30,Hafta İçi,İlkbahar,İş Günü,May,Monday,5.0,8.0,11.0,13.0,8.0,15.0,13.0,2.0,10.0,16.0,3.0,5.0,8.0,7.0,1.0,9.0,10.0,7.0,13.0,6.0,15.0,13
2022-05-31,Hafta İçi,İlkbahar,İş Günü,May,Tuesday,13.0,5.0,8.0,11.0,13.0,8.0,15.0,13.0,2.0,10.0,16.0,3.0,5.0,8.0,7.0,1.0,9.0,10.0,7.0,13.0,6.0,10
2022-06-01,Hafta İçi,Yaz,İş Günü,June,Wednesday,10.0,13.0,5.0,8.0,11.0,13.0,8.0,15.0,13.0,2.0,10.0,16.0,3.0,5.0,8.0,7.0,1.0,9.0,10.0,7.0,13.0,11
2022-06-02,Hafta İçi,Yaz,İş Günü,June,Thursday,11.0,10.0,13.0,5.0,8.0,11.0,13.0,8.0,15.0,13.0,2.0,10.0,16.0,3.0,5.0,8.0,7.0,1.0,9.0,10.0,7.0,10
2022-06-03,Hafta İçi,Yaz,İş Günü,June,Friday,10.0,11.0,10.0,13.0,5.0,8.0,11.0,13.0,8.0,15.0,13.0,2.0,10.0,16.0,3.0,5.0,8.0,7.0,1.0,9.0,10.0,15
2022-06-04,Hafta Sonu,Yaz,Tatil Günü,June,Saturday,15.0,10.0,11.0,10.0,13.0,5.0,8.0,11.0,13.0,8.0,15.0,13.0,2.0,10.0,16.0,3.0,5.0,8.0,7.0,1.0,9.0,3
2022-06-05,Hafta Sonu,Yaz,Tatil Günü,June,Sunday,3.0,15.0,10.0,11.0,10.0,13.0,5.0,8.0,11.0,13.0,8.0,15.0,13.0,2.0,10.0,16.0,3.0,5.0,8.0,7.0,1.0,3
2022-06-06,Hafta İçi,Yaz,İş Günü,June,Monday,3.0,3.0,15.0,10.0,11.0,10.0,13.0,5.0,8.0,11.0,13.0,8.0,15.0,13.0,2.0,10.0,16.0,3.0,5.0,8.0,7.0,11
2022-06-07,Hafta İçi,Yaz,İş Günü,June,Tuesday,11.0,3.0,3.0,15.0,10.0,11.0,10.0,13.0,5.0,8.0,11.0,13.0,8.0,15.0,13.0,2.0,10.0,16.0,3.0,5.0,8.0,14
2022-06-08,Hafta İçi,Yaz,İş Günü,June,Wednesday,14.0,11.0,3.0,3.0,15.0,10.0,11.0,10.0,13.0,5.0,8.0,11.0,13.0,8.0,15.0,13.0,2.0,10.0,16.0,3.0,5.0,15
2022-06-09,Hafta İçi,Yaz,İş Günü,June,Thursday,15.0,14.0,11.0,3.0,3.0,15.0,10.0,11.0,10.0,13.0,5.0,8.0,11.0,13.0,8.0,15.0,13.0,2.0,10.0,16.0,3.0,10
2022-06-10,Hafta İçi,Yaz,İş Günü,June,Friday,10.0,15.0,14.0,11.0,3.0,3.0,15.0,10.0,11.0,10.0,13.0,5.0,8.0,11.0,13.0,8.0,15.0,13.0,2.0,10.0,16.0,9
2022-06-11,Hafta Sonu,Yaz,Tatil Günü,June,Saturday,9.0,10.0,15.0,14.0,11.0,3.0,3.0,15.0,10.0,11.0,10.0,13.0,5.0,8.0,11.0,13.0,8.0,15.0,13.0,2.0,10.0,8
2022-06-12,Hafta Sonu,Yaz,Tatil Günü,June,Sunday,8.0,9.0,10.0,15.0,14.0,11.0,3.0,3.0,15.0,10.0,11.0,10.0,13.0,5.0,8.0,11.0,13.0,8.0,15.0,13.0,2.0,2
2022-06-13,Hafta İçi,Yaz,İş Günü,June,Monday,2.0,8.0,9.0,10.0,15.0,14.0,11.0,3.0,3.0,15.0,10.0,11.0,10.0,13.0,5.0,8.0,11.0,13.0,8.0,15.0,13.0,9
2022-06-14,Hafta İçi,Yaz,İş Günü,June,Tuesday,9.0,2.0,8.0,9.0,10.0,15.0,14.0,11.0,3.0,3.0,15.0,10.0,11.0,10.0,13.0,5.0,8.0,11.0,13.0,8.0,15.0,5
2022-06-15,Hafta İçi,Yaz,İş Günü,June,Wednesday,5.0,9.0,2.0,8.0,9.0,10.0,15.0,14.0,11.0,3.0,3.0,15.0,10.0,11.0,10.0,13.0,5.0,8.0,11.0,13.0,8.0,7
2022-06-16,Hafta İçi,Yaz,İş Günü,June,Thursday,7.0,5.0,9.0,2.0,8.0,9.0,10.0,15.0,14.0,11.0,3.0,3.0,15.0,10.0,11.0,10.0,13.0,5.0,8.0,11.0,13.0,8
2022-06-17,Hafta İçi,Yaz,İş Günü,June,Friday,8.0,7.0,5.0,9.0,2.0,8.0,9.0,10.0,15.0,14.0,11.0,3.0,3.0,15.0,10.0,11.0,10.0,13.0,5.0,8.0,11.0,7
2022-06-18,Hafta Sonu,Yaz,Tatil Günü,June,Saturday,7.0,8.0,7.0,5.0,9.0,2.0,8.0,9.0,10.0,15.0,14.0,11.0,3.0,3.0,15.0,10.0,11.0,10.0,13.0,5.0,8.0,5
2022-06-19,Hafta Sonu,Yaz,Tatil Günü,June,Sunday,5.0,7.0,8.0,7.0,5.0,9.0,2.0,8.0,9.0,10.0,15.0,14.0,11.0,3.0,3.0,15.0,10.0,11.0,10.0,13.0,5.0,2
2022-06-20,Hafta İçi,Yaz,İş Günü,June,Monday,2.0,5.0,7.0,8.0,7.0,5.0,9.0,2.0,8.0,9.0,10.0,15.0,14.0,11.0,3.0,3.0,15.0,10.0,11.0,10.0,13.0,2
2022-06-21,Hafta İçi,Yaz,İş Günü,June,Tuesday,2.0,2.0,5.0,7.0,8.0,7.0,5.0,9.0,2.0,8.0,9.0,10.0,15.0,14.0,11.0,3.0,3.0,15.0,10.0,11.0,10.0,13
2022-06-22,Hafta İçi,Yaz,İş Günü,June,Wednesday,13.0,2.0,2.0,5.0,7.0,8.0,7.0,5.0,9.0,2.0,8.0,9.0,10.0,15.0,14.0,11.0,3.0,3.0,15.0,10.0,11.0,8
2022-06-23,Hafta İçi,Yaz,İş Günü,June,Thursday,8.0,13.0,2.0,2.0,5.0,7.0,8.0,7.0,5.0,9.0,2.0,8.0,9.0,10.0,15.0,14.0,11.0,3.0,3.0,15.0,10.0,7
2022-06-24,Hafta İçi,Yaz,İş Günü,June,Friday,7.0,8.0,13.0,2.0,2.0,5.0,7.0,8.0,7.0,5.0,9.0,2.0,8.0,9.0,10.0,15.0,14.0,11.0,3.0,3.0,15.0,8
2022-06-25,Hafta Sonu,Yaz,Tatil Günü,June,Saturday,8.0,7.0,8.0,13.0,2.0,2.0,5.0,7.0,8.0,7.0,5.0,9.0,2.0,8.0,9.0,10.0,15.0,14.0,11.0,3.0,3.0,3
2022-06-26,Hafta Sonu,Yaz,Tatil Günü,June,Sunday,3.0,8.0,7.0,8.0,13.0,2.0,2.0,5.0,7.0,8.0,7.0,5.0,9.0,2.0,8.0,9.0,10.0,15.0,14.0,11.0,3.0,5
2022-06-27,Hafta İçi,Yaz,İş Günü,June,Monday,5.0,3.0,8.0,7.0,8.0,13.0,2.0,2.0,5.0,7.0,8.0,7.0,5.0,9.0,2.0,8.0,9.0,10.0,15.0,14.0,11.0,11
2022-06-28,Hafta İçi,Yaz,İş Günü,June,Tuesday,11.0,5.0,3.0,8.0,7.0,8.0,13.0,2.0,2.0,5.0,7.0,8.0,7.0,5.0,9.0,2.0,8.0,9.0,10.0,15.0,14.0,7
2022-06-29,Hafta İçi,Yaz,İş Günü,June,Wednesday,7.0,11.0,5.0,3.0,8.0,7.0,8.0,13.0,2.0,2.0,5.0,7.0,8.0,7.0,5.0,9.0,2.0,8.0,9.0,10.0,15.0,4
2022-06-30,Hafta İçi,Yaz,İş Günü,June,Thursday,4.0,7.0,11.0,5.0,3.0,8.0,7.0,8.0,13.0,2.0,2.0,5.0,7.0,8.0,7.0,5.0,9.0,2.0,8.0,9.0,10.0,11
2022-07-01,Hafta İçi,Yaz,İş Günü,July,Friday,11.0,4.0,7.0,11.0,5.0,3.0,8.0,7.0,8.0,13.0,2.0,2.0,5.0,7.0,8.0,7.0,5.0,9.0,2.0,8.0,9.0,12
2022-07-02,Hafta Sonu,Yaz,Tatil Günü,July,Saturday,12.0,11.0,4.0,7.0,11.0,5.0,3.0,8.0,7.0,8.0,13.0,2.0,2.0,5.0,7.0,8.0,7.0,5.0,9.0,2.0,8.0,8
2022-07-03,Hafta Sonu,Yaz,Tatil Günü,July,Sunday,8.0,12.0,11.0,4.0,7.0,11.0,5.0,3.0,8.0,7.0,8.0,13.0,2.0,2.0,5.0,7.0,8.0,7.0,5.0,9.0,2.0,2
2022-07-04,Hafta İçi,Yaz,İş Günü,July,Monday,2.0,8.0,12.0,11.0,4.0,7.0,11.0,5.0,3.0,8.0,7.0,8.0,13.0,2.0,2.0,5.0,7.0,8.0,7.0,5.0,9.0,9
2022-07-05,Hafta İçi,Yaz,İş Günü,July,Tuesday,9.0,2.0,8.0,12.0,11.0,4.0,7.0,11.0,5.0,3.0,8.0,7.0,8.0,13.0,2.0,2.0,5.0,7.0,8.0,7.0,5.0,8
2022-07-06,Hafta İçi,Yaz,İş Günü,July,Wednesday,8.0,9.0,2.0,8.0,12.0,11.0,4.0,7.0,11.0,5.0,3.0,8.0,7.0,8.0,13.0,2.0,2.0,5.0,7.0,8.0,7.0,8
2022-07-07,Hafta İçi,Yaz,İş Günü,July,Thursday,8.0,8.0,9.0,2.0,8.0,12.0,11.0,4.0,7.0,11.0,5.0,3.0,8.0,7.0,8.0,13.0,2.0,2.0,5.0,7.0,8.0,13
2022-07-08,Resmi Tatil,Yaz,Tatil Günü,July,Friday,13.0,8.0,8.0,9.0,2.0,8.0,12.0,11.0,4.0,7.0,11.0,5.0,3.0,8.0,7.0,8.0,13.0,2.0,2.0,5.0,7.0,7
2022-07-09,Resmi Tatil,Yaz,Tatil Günü,July,Saturday,7.0,13.0,8.0,8.0,9.0,2.0,8.0,12.0,11.0,4.0,7.0,11.0,5.0,3.0,8.0,7.0,8.0,13.0,2.0,2.0,5.0,1
2022-07-10,Resmi Tatil,Yaz,Tatil Günü,July,Sunday,1.0,7.0,13.0,8.0,8.0,9.0,2.0,8.0,12.0,11.0,4.0,7.0,11.0,5.0,3.0,8.0,7.0,8.0,13.0,2.0,2.0,2
2022-07-11,Resmi Tatil,Yaz,Tatil Günü,July,Monday,2.0,1.0,7.0,13.0,8.0,8.0,9.0,2.0,8.0,12.0,11.0,4.0,7.0,11.0,5.0,3.0,8.0,7.0,8.0,13.0,2.0,2
2022-07-12,Resmi Tatil,Yaz,Tatil Günü,July,Tuesday,2.0,2.0,1.0,7.0,13.0,8.0,8.0,9.0,2.0,8.0,12.0,11.0,4.0,7.0,11.0,5.0,3.0,8.0,7.0,8.0,13.0,9
2022-07-13,Hafta İçi,Yaz,İş Günü,July,Wednesday,9.0,2.0,2.0,1.0,7.0,13.0,8.0,8.0,9.0,2.0,8.0,12.0,11.0,4.0,7.0,11.0,5.0,3.0,8.0,7.0,8.0,2
2022-07-15,Resmi Tatil,Yaz,Tatil Günü,July,Friday,2.0,9.0,2.0,2.0,1.0,7.0,13.0,8.0,8.0,9.0,2.0,8.0,12.0,11.0,4.0,7.0,11.0,5.0,3.0,8.0,7.0,3
2022-07-16,Hafta Sonu,Yaz,Tatil Günü,July,Saturday,3.0,2.0,9.0,2.0,2.0,1.0,7.0,13.0,8.0,8.0,9.0,2.0,8.0,12.0,11.0,4.0,7.0,11.0,5.0,3.0,8.0,2
2022-07-17,Hafta Sonu,Yaz,Tatil Günü,July,Sunday,2.0,3.0,2.0,9.0,2.0,2.0,1.0,7.0,13.0,8.0,8.0,9.0,2.0,8.0,12.0,11.0,4.0,7.0,11.0,5.0,3.0,2
2022-07-18,Hafta İçi,Yaz,İş Günü,July,Monday,2.0,2.0,3.0,2.0,9.0,2.0,2.0,1.0,7.0,13.0,8.0,8.0,9.0,2.0,8.0,12.0,11.0,4.0,7.0,11.0,5.0,12
2022-07-19,Hafta İçi,Yaz,İş Günü,July,Tuesday,12.0,2.0,2.0,3.0,2.0,9.0,2.0,2.0,1.0,7.0,13.0,8.0,8.0,9.0,2.0,8.0,12.0,11.0,4.0,7.0,11.0,12
2022-07-20,Hafta İçi,Yaz,İş Günü,July,Wednesday,12.0,12.0,2.0,2.0,3.0,2.0,9.0,2.0,2.0,1.0,7.0,13.0,8.0,8.0,9.0,2.0,8.0,12.0,11.0,4.0,7.0,10
2022-07-21,Hafta İçi,Yaz,İş Günü,July,Thursday,10.0,12.0,12.0,2.0,2.0,3.0,2.0,9.0,2.0,2.0,1.0,7.0,13.0,8.0,8.0,9.0,2.0,8.0,12.0,11.0,4.0,9
2022-07-22,Hafta İçi,Yaz,İş Günü,July,Friday,9.0,10.0,12.0,12.0,2.0,2.0,3.0,2.0,9.0,2.0,2.0,1.0,7.0,13.0,8.0,8.0,9.0,2.0,8.0,12.0,11.0,15
2022-07-23,Hafta Sonu,Yaz,Tatil Günü,July,Saturday,15.0,9.0,10.0,12.0,12.0,2.0,2.0,3.0,2.0,9.0,2.0,2.0,1.0,7.0,13.0,8.0,8.0,9.0,2.0,8.0,12.0,3
2022-07-24,Hafta Sonu,Yaz,Tatil Günü,July,Sunday,3.0,15.0,9.0,10.0,12.0,12.0,2.0,2.0,3.0,2.0,9.0,2.0,2.0,1.0,7.0,13.0,8.0,8.0,9.0,2.0,8.0,3
2022-07-25,Hafta İçi,Yaz,İş Günü,July,Monday,3.0,3.0,15.0,9.0,10.0,12.0,12.0,2.0,2.0,3.0,2.0,9.0,2.0,2.0,1.0,7.0,13.0,8.0,8.0,9.0,2.0,13
2022-07-26,Hafta İçi,Yaz,İş Günü,July,Tuesday,13.0,3.0,3.0,15.0,9.0,10.0,12.0,12.0,2.0,2.0,3.0,2.0,9.0,2.0,2.0,1.0,7.0,13.0,8.0,8.0,9.0,11
2022-07-27,Hafta İçi,Yaz,İş Günü,July,Wednesday,11.0,13.0,3.0,3.0,15.0,9.0,10.0,12.0,12.0,2.0,2.0,3.0,2.0,9.0,2.0,2.0,1.0,7.0,13.0,8.0,8.0,10
2022-07-28,Hafta İçi,Yaz,İş Günü,July,Thursday,10.0,11.0,13.0,3.0,3.0,15.0,9.0,10.0,12.0,12.0,2.0,2.0,3.0,2.0,9.0,2.0,2.0,1.0,7.0,13.0,8.0,10
2022-07-29,Hafta İçi,Yaz,İş Günü,July,Friday,10.0,10.0,11.0,13.0,3.0,3.0,15.0,9.0,10.0,12.0,12.0,2.0,2.0,3.0,2.0,9.0,2.0,2.0,1.0,7.0,13.0,3
2022-07-30,Hafta Sonu,Yaz,Tatil Günü,July,Saturday,3.0,10.0,10.0,11.0,13.0,3.0,3.0,15.0,9.0,10.0,12.0,12.0,2.0,2.0,3.0,2.0,9.0,2.0,2.0,1.0,7.0,2
2022-07-31,Hafta Sonu,Yaz,Tatil Günü,July,Sunday,2.0,3.0,10.0,10.0,11.0,13.0,3.0,3.0,15.0,9.0,10.0,12.0,12.0,2.0,2.0,3.0,2.0,9.0,2.0,2.0,1.0,2
2022-08-01,Hafta İçi,Yaz,İş Günü,August,Monday,2.0,2.0,3.0,10.0,10.0,11.0,13.0,3.0,3.0,15.0,9.0,10.0,12.0,12.0,2.0,2.0,3.0,2.0,9.0,2.0,2.0,14
2022-08-02,Hafta İçi,Yaz,İş Günü,August,Tuesday,14.0,2.0,2.0,3.0,10.0,10.0,11.0,13.0,3.0,3.0,15.0,9.0,10.0,12.0,12.0,2.0,2.0,3.0,2.0,9.0,2.0,10
2022-08-03,Hafta İçi,Yaz,İş Günü,August,Wednesday,10.0,14.0,2.0,2.0,3.0,10.0,10.0,11.0,13.0,3.0,3.0,15.0,9.0,10.0,12.0,12.0,2.0,2.0,3.0,2.0,9.0,13
2022-08-04,Hafta İçi,Yaz,İş Günü,August,Thursday,13.0,10.0,14.0,2.0,2.0,3.0,10.0,10.0,11.0,13.0,3.0,3.0,15.0,9.0,10.0,12.0,12.0,2.0,2.0,3.0,2.0,11
2022-08-05,Hafta İçi,Yaz,İş Günü,August,Friday,11.0,13.0,10.0,14.0,2.0,2.0,3.0,10.0,10.0,11.0,13.0,3.0,3.0,15.0,9.0,10.0,12.0,12.0,2.0,2.0,3.0,15
2022-08-06,Hafta Sonu,Yaz,Tatil Günü,August,Saturday,15.0,11.0,13.0,10.0,14.0,2.0,2.0,3.0,10.0,10.0,11.0,13.0,3.0,3.0,15.0,9.0,10.0,12.0,12.0,2.0,2.0,11
2022-08-07,Hafta Sonu,Yaz,Tatil Günü,August,Sunday,11.0,15.0,11.0,13.0,10.0,14.0,2.0,2.0,3.0,10.0,10.0,11.0,13.0,3.0,3.0,15.0,9.0,10.0,12.0,12.0,2.0,2
2022-08-08,Hafta İçi,Yaz,İş Günü,August,Monday,2.0,11.0,15.0,11.0,13.0,10.0,14.0,2.0,2.0,3.0,10.0,10.0,11.0,13.0,3.0,3.0,15.0,9.0,10.0,12.0,12.0,9
2022-08-09,Hafta İçi,Yaz,İş Günü,August,Tuesday,9.0,2.0,11.0,15.0,11.0,13.0,10.0,14.0,2.0,2.0,3.0,10.0,10.0,11.0,13.0,3.0,3.0,15.0,9.0,10.0,12.0,9
2022-08-10,Hafta İçi,Yaz,İş Günü,August,Wednesday,9.0,9.0,2.0,11.0,15.0,11.0,13.0,10.0,14.0,2.0,2.0,3.0,10.0,10.0,11.0,13.0,3.0,3.0,15.0,9.0,10.0,13
2022-08-11,Hafta İçi,Yaz,İş Günü,August,Thursday,13.0,9.0,9.0,2.0,11.0,15.0,11.0,13.0,10.0,14.0,2.0,2.0,3.0,10.0,10.0,11.0,13.0,3.0,3.0,15.0,9.0,11
2022-08-12,Hafta İçi,Yaz,İş Günü,August,Friday,11.0,13.0,9.0,9.0,2.0,11.0,15.0,11.0,13.0,10.0,14.0,2.0,2.0,3.0,10.0,10.0,11.0,13.0,3.0,3.0,15.0,5
2022-08-13,Hafta Sonu,Yaz,Tatil Günü,August,Saturday,5.0,11.0,13.0,9.0,9.0,2.0,11.0,15.0,11.0,13.0,10.0,14.0,2.0,2.0,3.0,10.0,10.0,11.0,13.0,3.0,3.0,5
2022-08-14,Hafta Sonu,Yaz,Tatil Günü,August,Sunday,5.0,5.0,11.0,13.0,9.0,9.0,2.0,11.0,15.0,11.0,13.0,10.0,14.0,2.0,2.0,3.0,10.0,10.0,11.0,13.0,3.0,2
2022-08-15,Hafta İçi,Yaz,İş Günü,August,Monday,2.0,5.0,5.0,11.0,13.0,9.0,9.0,2.0,11.0,15.0,11.0,13.0,10.0,14.0,2.0,2.0,3.0,10.0,10.0,11.0,13.0,6
2022-08-16,Hafta İçi,Yaz,İş Günü,August,Tuesday,6.0,2.0,5.0,5.0,11.0,13.0,9.0,9.0,2.0,11.0,15.0,11.0,13.0,10.0,14.0,2.0,2.0,3.0,10.0,10.0,11.0,7
2022-08-17,Hafta İçi,Yaz,İş Günü,August,Wednesday,7.0,6.0,2.0,5.0,5.0,11.0,13.0,9.0,9.0,2.0,11.0,15.0,11.0,13.0,10.0,14.0,2.0,2.0,3.0,10.0,10.0,8
2022-08-18,Hafta İçi,Yaz,İş Günü,August,Thursday,8.0,7.0,6.0,2.0,5.0,5.0,11.0,13.0,9.0,9.0,2.0,11.0,15.0,11.0,13.0,10.0,14.0,2.0,2.0,3.0,10.0,18
2022-08-19,Hafta İçi,Yaz,İş Günü,August,Friday,18.0,8.0,7.0,6.0,2.0,5.0,5.0,11.0,13.0,9.0,9.0,2.0,11.0,15.0,11.0,13.0,10.0,14.0,2.0,2.0,3.0,21
2022-08-20,Hafta Sonu,Yaz,Tatil Günü,August,Saturday,21.0,18.0,8.0,7.0,6.0,2.0,5.0,5.0,11.0,13.0,9.0,9.0,2.0,11.0,15.0,11.0,13.0,10.0,14.0,2.0,2.0,3
2022-08-21,Hafta Sonu,Yaz,Tatil Günü,August,Sunday,3.0,21.0,18.0,8.0,7.0,6.0,2.0,5.0,5.0,11.0,13.0,9.0,9.0,2.0,11.0,15.0,11.0,13.0,10.0,14.0,2.0,3
2022-08-22,Hafta İçi,Yaz,İş Günü,August,Monday,3.0,3.0,21.0,18.0,8.0,7.0,6.0,2.0,5.0,5.0,11.0,13.0,9.0,9.0,2.0,11.0,15.0,11.0,13.0,10.0,14.0,10
2022-08-23,Hafta İçi,Yaz,İş Günü,August,Tuesday,10.0,3.0,3.0,21.0,18.0,8.0,7.0,6.0,2.0,5.0,5.0,11.0,13.0,9.0,9.0,2.0,11.0,15.0,11.0,13.0,10.0,11
2022-08-24,Hafta İçi,Yaz,İş Günü,August,Wednesday,11.0,10.0,3.0,3.0,21.0,18.0,8.0,7.0,6.0,2.0,5.0,5.0,11.0,13.0,9.0,9.0,2.0,11.0,15.0,11.0,13.0,6
2022-08-25,Hafta İçi,Yaz,İş Günü,August,Thursday,6.0,11.0,10.0,3.0,3.0,21.0,18.0,8.0,7.0,6.0,2.0,5.0,5.0,11.0,13.0,9.0,9.0,2.0,11.0,15.0,11.0,11
2022-08-26,Hafta İçi,Yaz,İş Günü,August,Friday,11.0,6.0,11.0,10.0,3.0,3.0,21.0,18.0,8.0,7.0,6.0,2.0,5.0,5.0,11.0,13.0,9.0,9.0,2.0,11.0,15.0,10
2022-08-27,Hafta Sonu,Yaz,Tatil Günü,August,Saturday,10.0,11.0,6.0,11.0,10.0,3.0,3.0,21.0,18.0,8.0,7.0,6.0,2.0,5.0,5.0,11.0,13.0,9.0,9.0,2.0,11.0,2
2022-08-29,Hafta İçi,Yaz,İş Günü,August,Monday,2.0,10.0,11.0,6.0,11.0,10.0,3.0,3.0,21.0,18.0,8.0,7.0,6.0,2.0,5.0,5.0,11.0,13.0,9.0,9.0,2.0,7
2022-08-30,Resmi Tatil,Yaz,Tatil Günü,August,Tuesday,7.0,2.0,10.0,11.0,6.0,11.0,10.0,3.0,3.0,21.0,18.0,8.0,7.0,6.0,2.0,5.0,5.0,11.0,13.0,9.0,9.0,4
2022-08-31,Hafta İçi,Yaz,İş Günü,August,Wednesday,4.0,7.0,2.0,10.0,11.0,6.0,11.0,10.0,3.0,3.0,21.0,18.0,8.0,7.0,6.0,2.0,5.0,5.0,11.0,13.0,9.0,16
2022-09-01,Hafta İçi,Sonbahar,İş Günü,September,Thursday,16.0,4.0,7.0,2.0,10.0,11.0,6.0,11.0,10.0,3.0,3.0,21.0,18.0,8.0,7.0,6.0,2.0,5.0,5.0,11.0,13.0,10
2022-09-02,Hafta İçi,Sonbahar,İş Günü,September,Friday,10.0,16.0,4.0,7.0,2.0,10.0,11.0,6.0,11.0,10.0,3.0,3.0,21.0,18.0,8.0,7.0,6.0,2.0,5.0,5.0,11.0,10
2022-09-03,Hafta Sonu,Sonbahar,Tatil Günü,September,Saturday,10.0,10.0,16.0,4.0,7.0,2.0,10.0,11.0,6.0,11.0,10.0,3.0,3.0,21.0,18.0,8.0,7.0,6.0,2.0,5.0,5.0,4
2022-09-04,Hafta Sonu,Sonbahar,Tatil Günü,September,Sunday,4.0,10.0,10.0,16.0,4.0,7.0,2.0,10.0,11.0,6.0,11.0,10.0,3.0,3.0,21.0,18.0,8.0,7.0,6.0,2.0,5.0,7
2022-09-05,Hafta İçi,Sonbahar,İş Günü,September,Monday,7.0,4.0,10.0,10.0,16.0,4.0,7.0,2.0,10.0,11.0,6.0,11.0,10.0,3.0,3.0,21.0,18.0,8.0,7.0,6.0,2.0,9
2022-09-06,Hafta İçi,Sonbahar,İş Günü,September,Tuesday,9.0,7.0,4.0,10.0,10.0,16.0,4.0,7.0,2.0,10.0,11.0,6.0,11.0,10.0,3.0,3.0,21.0,18.0,8.0,7.0,6.0,8
2022-09-07,Hafta İçi,Sonbahar,İş Günü,September,Wednesday,8.0,9.0,7.0,4.0,10.0,10.0,16.0,4.0,7.0,2.0,10.0,11.0,6.0,11.0,10.0,3.0,3.0,21.0,18.0,8.0,7.0,9
2022-09-08,Hafta İçi,Sonbahar,İş Günü,September,Thursday,9.0,8.0,9.0,7.0,4.0,10.0,10.0,16.0,4.0,7.0,2.0,10.0,11.0,6.0,11.0,10.0,3.0,3.0,21.0,18.0,8.0,6
2022-09-09,Hafta İçi,Sonbahar,İş Günü,September,Friday,6.0,9.0,8.0,9.0,7.0,4.0,10.0,10.0,16.0,4.0,7.0,2.0,10.0,11.0,6.0,11.0,10.0,3.0,3.0,21.0,18.0,6
2022-09-10,Hafta Sonu,Sonbahar,Tatil Günü,September,Saturday,6.0,6.0,9.0,8.0,9.0,7.0,4.0,10.0,10.0,16.0,4.0,7.0,2.0,10.0,11.0,6.0,11.0,10.0,3.0,3.0,21.0,7
2022-09-11,Hafta Sonu,Sonbahar,Tatil Günü,September,Sunday,7.0,6.0,6.0,9.0,8.0,9.0,7.0,4.0,10.0,10.0,16.0,4.0,7.0,2.0,10.0,11.0,6.0,11.0,10.0,3.0,3.0,4
2022-09-12,Hafta İçi,Sonbahar,İş Günü,September,Monday,4.0,7.0,6.0,6.0,9.0,8.0,9.0,7.0,4.0,10.0,10.0,16.0,4.0,7.0,2.0,10.0,11.0,6.0,11.0,10.0,3.0,7
2022-09-13,Hafta İçi,Sonbahar,İş Günü,September,Tuesday,7.0,4.0,7.0,6.0,6.0,9.0,8.0,9.0,7.0,4.0,10.0,10.0,16.0,4.0,7.0,2.0,10.0,11.0,6.0,11.0,10.0,11
2022-09-14,Hafta İçi,Sonbahar,İş Günü,September,Wednesday,11.0,7.0,4.0,7.0,6.0,6.0,9.0,8.0,9.0,7.0,4.0,10.0,10.0,16.0,4.0,7.0,2.0,10.0,11.0,6.0,11.0,10
2022-09-15,Hafta İçi,Sonbahar,İş Günü,September,Thursday,10.0,11.0,7.0,4.0,7.0,6.0,6.0,9.0,8.0,9.0,7.0,4.0,10.0,10.0,16.0,4.0,7.0,2.0,10.0,11.0,6.0,6
2022-09-16,Hafta İçi,Sonbahar,İş Günü,September,Friday,6.0,10.0,11.0,7.0,4.0,7.0,6.0,6.0,9.0,8.0,9.0,7.0,4.0,10.0,10.0,16.0,4.0,7.0,2.0,10.0,11.0,24
2022-09-17,Hafta Sonu,Sonbahar,Tatil Günü,September,Saturday,24.0,6.0,10.0,11.0,7.0,4.0,7.0,6.0,6.0,9.0,8.0,9.0,7.0,4.0,10.0,10.0,16.0,4.0,7.0,2.0,10.0,9
2022-09-18,Hafta Sonu,Sonbahar,Tatil Günü,September,Sunday,9.0,24.0,6.0,10.0,11.0,7.0,4.0,7.0,6.0,6.0,9.0,8.0,9.0,7.0,4.0,10.0,10.0,16.0,4.0,7.0,2.0,2
2022-09-19,Hafta İçi,Sonbahar,İş Günü,September,Monday,2.0,9.0,24.0,6.0,10.0,11.0,7.0,4.0,7.0,6.0,6.0,9.0,8.0,9.0,7.0,4.0,10.0,10.0,16.0,4.0,7.0,8
2022-09-20,Hafta İçi,Sonbahar,İş Günü,September,Tuesday,8.0,2.0,9.0,24.0,6.0,10.0,11.0,7.0,4.0,7.0,6.0,6.0,9.0,8.0,9.0,7.0,4.0,10.0,10.0,16.0,4.0,11
2022-09-21,Hafta İçi,Sonbahar,İş Günü,September,Wednesday,11.0,8.0,2.0,9.0,24.0,6.0,10.0,11.0,7.0,4.0,7.0,6.0,6.0,9.0,8.0,9.0,7.0,4.0,10.0,10.0,16.0,6
2022-09-22,Hafta İçi,Sonbahar,İş Günü,September,Thursday,6.0,11.0,8.0,2.0,9.0,24.0,6.0,10.0,11.0,7.0,4.0,7.0,6.0,6.0,9.0,8.0,9.0,7.0,4.0,10.0,10.0,10
2022-09-23,Hafta İçi,Sonbahar,İş Günü,September,Friday,10.0,6.0,11.0,8.0,2.0,9.0,24.0,6.0,10.0,11.0,7.0,4.0,7.0,6.0,6.0,9.0,8.0,9.0,7.0,4.0,10.0,8
2022-09-24,Hafta Sonu,Sonbahar,Tatil Günü,September,Saturday,8.0,10.0,6.0,11.0,8.0,2.0,9.0,24.0,6.0,10.0,11.0,7.0,4.0,7.0,6.0,6.0,9.0,8.0,9.0,7.0,4.0,2
2022-09-25,Hafta Sonu,Sonbahar,Tatil Günü,September,Sunday,2.0,8.0,10.0,6.0,11.0,8.0,2.0,9.0,24.0,6.0,10.0,11.0,7.0,4.0,7.0,6.0,6.0,9.0,8.0,9.0,7.0,5
2022-09-26,Hafta İçi,Sonbahar,İş Günü,September,Monday,5.0,2.0,8.0,10.0,6.0,11.0,8.0,2.0,9.0,24.0,6.0,10.0,11.0,7.0,4.0,7.0,6.0,6.0,9.0,8.0,9.0,7
2022-09-27,Hafta İçi,Sonbahar,İş Günü,September,Tuesday,7.0,5.0,2.0,8.0,10.0,6.0,11.0,8.0,2.0,9.0,24.0,6.0,10.0,11.0,7.0,4.0,7.0,6.0,6.0,9.0,8.0,6
2022-09-28,Hafta İçi,Sonbahar,İş Günü,September,Wednesday,6.0,7.0,5.0,2.0,8.0,10.0,6.0,11.0,8.0,2.0,9.0,24.0,6.0,10.0,11.0,7.0,4.0,7.0,6.0,6.0,9.0,11
2022-09-29,Hafta İçi,Sonbahar,İş Günü,September,Thursday,11.0,6.0,7.0,5.0,2.0,8.0,10.0,6.0,11.0,8.0,2.0,9.0,24.0,6.0,10.0,11.0,7.0,4.0,7.0,6.0,6.0,9
2022-09-30,Hafta İçi,Sonbahar,İş Günü,September,Friday,9.0,11.0,6.0,7.0,5.0,2.0,8.0,10.0,6.0,11.0,8.0,2.0,9.0,24.0,6.0,10.0,11.0,7.0,4.0,7.0,6.0,6
2022-10-01,Hafta Sonu,Sonbahar,Tatil Günü,October,Saturday,6.0,9.0,11.0,6.0,7.0,5.0,2.0,8.0,10.0,6.0,11.0,8.0,2.0,9.0,24.0,6.0,10.0,11.0,7.0,4.0,7.0,11
2022-10-02,Hafta Sonu,Sonbahar,Tatil Günü,October,Sunday,11.0,6.0,9.0,11.0,6.0,7.0,5.0,2.0,8.0,10.0,6.0,11.0,8.0,2.0,9.0,24.0,6.0,10.0,11.0,7.0,4.0,1
2022-10-03,Hafta İçi,Sonbahar,İş Günü,October,Monday,1.0,11.0,6.0,9.0,11.0,6.0,7.0,5.0,2.0,8.0,10.0,6.0,11.0,8.0,2.0,9.0,24.0,6.0,10.0,11.0,7.0,10
2022-10-04,Hafta İçi,Sonbahar,İş Günü,October,Tuesday,10.0,1.0,11.0,6.0,9.0,11.0,6.0,7.0,5.0,2.0,8.0,10.0,6.0,11.0,8.0,2.0,9.0,24.0,6.0,10.0,11.0,7
2022-10-05,Hafta İçi,Sonbahar,İş Günü,October,Wednesday,7.0,10.0,1.0,11.0,6.0,9.0,11.0,6.0,7.0,5.0,2.0,8.0,10.0,6.0,11.0,8.0,2.0,9.0,24.0,6.0,10.0,3
2022-10-06,Hafta İçi,Sonbahar,İş Günü,October,Thursday,3.0,7.0,10.0,1.0,11.0,6.0,9.0,11.0,6.0,7.0,5.0,2.0,8.0,10.0,6.0,11.0,8.0,2.0,9.0,24.0,6.0,13
2022-10-07,Hafta İçi,Sonbahar,İş Günü,October,Friday,13.0,3.0,7.0,10.0,1.0,11.0,6.0,9.0,11.0,6.0,7.0,5.0,2.0,8.0,10.0,6.0,11.0,8.0,2.0,9.0,24.0,11
2022-10-08,Hafta Sonu,Sonbahar,Tatil Günü,October,Saturday,11.0,13.0,3.0,7.0,10.0,1.0,11.0,6.0,9.0,11.0,6.0,7.0,5.0,2.0,8.0,10.0,6.0,11.0,8.0,2.0,9.0,9
2022-10-09,Hafta Sonu,Sonbahar,Tatil Günü,October,Sunday,9.0,11.0,13.0,3.0,7.0,10.0,1.0,11.0,6.0,9.0,11.0,6.0,7.0,5.0,2.0,8.0,10.0,6.0,11.0,8.0,2.0,8
2022-10-10,Hafta İçi,Sonbahar,İş Günü,October,Monday,8.0,9.0,11.0,13.0,3.0,7.0,10.0,1.0,11.0,6.0,9.0,11.0,6.0,7.0,5.0,2.0,8.0,10.0,6.0,11.0,8.0,12
2022-10-11,Hafta İçi,Sonbahar,İş Günü,October,Tuesday,12.0,8.0,9.0,11.0,13.0,3.0,7.0,10.0,1.0,11.0,6.0,9.0,11.0,6.0,7.0,5.0,2.0,8.0,10.0,6.0,11.0,9
2022-10-12,Hafta İçi,Sonbahar,İş Günü,October,Wednesday,9.0,12.0,8.0,9.0,11.0,13.0,3.0,7.0,10.0,1.0,11.0,6.0,9.0,11.0,6.0,7.0,5.0,2.0,8.0,10.0,6.0,6
2022-10-13,Hafta İçi,Sonbahar,İş Günü,October,Thursday,6.0,9.0,12.0,8.0,9.0,11.0,13.0,3.0,7.0,10.0,1.0,11.0,6.0,9.0,11.0,6.0,7.0,5.0,2.0,8.0,10.0,7
2022-10-14,Hafta İçi,Sonbahar,İş Günü,October,Friday,7.0,6.0,9.0,12.0,8.0,9.0,11.0,13.0,3.0,7.0,10.0,1.0,11.0,6.0,9.0,11.0,6.0,7.0,5.0,2.0,8.0,5
2022-10-15,Hafta Sonu,Sonbahar,Tatil Günü,October,Saturday,5.0,7.0,6.0,9.0,12.0,8.0,9.0,11.0,13.0,3.0,7.0,10.0,1.0,11.0,6.0,9.0,11.0,6.0,7.0,5.0,2.0,8
2022-10-16,Hafta Sonu,Sonbahar,Tatil Günü,October,Sunday,8.0,5.0,7.0,6.0,9.0,12.0,8.0,9.0,11.0,13.0,3.0,7.0,10.0,1.0,11.0,6.0,9.0,11.0,6.0,7.0,5.0,5
2022-10-17,Hafta İçi,Sonbahar,İş Günü,October,Monday,5.0,8.0,5.0,7.0,6.0,9.0,12.0,8.0,9.0,11.0,13.0,3.0,7.0,10.0,1.0,11.0,6.0,9.0,11.0,6.0,7.0,9
2022-10-18,Hafta İçi,Sonbahar,İş Günü,October,Tuesday,9.0,5.0,8.0,5.0,7.0,6.0,9.0,12.0,8.0,9.0,11.0,13.0,3.0,7.0,10.0,1.0,11.0,6.0,9.0,11.0,6.0,4
2022-10-19,Hafta İçi,Sonbahar,İş Günü,October,Wednesday,4.0,9.0,5.0,8.0,5.0,7.0,6.0,9.0,12.0,8.0,9.0,11.0,13.0,3.0,7.0,10.0,1.0,11.0,6.0,9.0,11.0,8
2022-10-20,Hafta İçi,Sonbahar,İş Günü,October,Thursday,8.0,4.0,9.0,5.0,8.0,5.0,7.0,6.0,9.0,12.0,8.0,9.0,11.0,13.0,3.0,7.0,10.0,1.0,11.0,6.0,9.0,7
2022-10-21,Hafta İçi,Sonbahar,İş Günü,October,Friday,7.0,8.0,4.0,9.0,5.0,8.0,5.0,7.0,6.0,9.0,12.0,8.0,9.0,11.0,13.0,3.0,7.0,10.0,1.0,11.0,6.0,11
2022-10-22,Hafta Sonu,Sonbahar,Tatil Günü,October,Saturday,11.0,7.0,8.0,4.0,9.0,5.0,8.0,5.0,7.0,6.0,9.0,12.0,8.0,9.0,11.0,13.0,3.0,7.0,10.0,1.0,11.0,10
2022-10-23,Hafta Sonu,Sonbahar,Tatil Günü,October,Sunday,10.0,11.0,7.0,8.0,4.0,9.0,5.0,8.0,5.0,7.0,6.0,9.0,12.0,8.0,9.0,11.0,13.0,3.0,7.0,10.0,1.0,10
2022-10-24,Hafta İçi,Sonbahar,İş Günü,October,Monday,10.0,10.0,11.0,7.0,8.0,4.0,9.0,5.0,8.0,5.0,7.0,6.0,9.0,12.0,8.0,9.0,11.0,13.0,3.0,7.0,10.0,5
2022-10-25,Hafta İçi,Sonbahar,İş Günü,October,Tuesday,5.0,10.0,10.0,11.0,7.0,8.0,4.0,9.0,5.0,8.0,5.0,7.0,6.0,9.0,12.0,8.0,9.0,11.0,13.0,3.0,7.0,8
2022-10-26,Hafta İçi,Sonbahar,İş Günü,October,Wednesday,8.0,5.0,10.0,10.0,11.0,7.0,8.0,4.0,9.0,5.0,8.0,5.0,7.0,6.0,9.0,12.0,8.0,9.0,11.0,13.0,3.0,8
2022-10-27,Hafta İçi,Sonbahar,İş Günü,October,Thursday,8.0,8.0,5.0,10.0,10.0,11.0,7.0,8.0,4.0,9.0,5.0,8.0,5.0,7.0,6.0,9.0,12.0,8.0,9.0,11.0,13.0,7
2022-10-28,Resmi Tatil,Sonbahar,Tatil Günü,October,Friday,7.0,8.0,8.0,5.0,10.0,10.0,11.0,7.0,8.0,4.0,9.0,5.0,8.0,5.0,7.0,6.0,9.0,12.0,8.0,9.0,11.0,20
2022-10-29,Resmi Tatil,Sonbahar,Tatil Günü,October,Saturday,20.0,7.0,8.0,8.0,5.0,10.0,10.0,11.0,7.0,8.0,4.0,9.0,5.0,8.0,5.0,7.0,6.0,9.0,12.0,8.0,9.0,6
2022-10-30,Hafta Sonu,Sonbahar,Tatil Günü,October,Sunday,6.0,20.0,7.0,8.0,8.0,5.0,10.0,10.0,11.0,7.0,8.0,4.0,9.0,5.0,8.0,5.0,7.0,6.0,9.0,12.0,8.0,2
2022-10-31,Hafta İçi,Sonbahar,İş Günü,October,Monday,2.0,6.0,20.0,7.0,8.0,8.0,5.0,10.0,10.0,11.0,7.0,8.0,4.0,9.0,5.0,8.0,5.0,7.0,6.0,9.0,12.0,7
2022-11-01,Hafta İçi,Sonbahar,İş Günü,November,Tuesday,7.0,2.0,6.0,20.0,7.0,8.0,8.0,5.0,10.0,10.0,11.0,7.0,8.0,4.0,9.0,5.0,8.0,5.0,7.0,6.0,9.0,5
2022-11-02,Hafta İçi,Sonbahar,İş Günü,November,Wednesday,5.0,7.0,2.0,6.0,20.0,7.0,8.0,8.0,5.0,10.0,10.0,11.0,7.0,8.0,4.0,9.0,5.0,8.0,5.0,7.0,6.0,8
2022-11-03,Hafta İçi,Sonbahar,İş Günü,November,Thursday,8.0,5.0,7.0,2.0,6.0,20.0,7.0,8.0,8.0,5.0,10.0,10.0,11.0,7.0,8.0,4.0,9.0,5.0,8.0,5.0,7.0,6
2022-11-04,Hafta İçi,Sonbahar,İş Günü,November,Friday,6.0,8.0,5.0,7.0,2.0,6.0,20.0,7.0,8.0,8.0,5.0,10.0,10.0,11.0,7.0,8.0,4.0,9.0,5.0,8.0,5.0,12
2022-11-05,Hafta Sonu,Sonbahar,Tatil Günü,November,Saturday,12.0,6.0,8.0,5.0,7.0,2.0,6.0,20.0,7.0,8.0,8.0,5.0,10.0,10.0,11.0,7.0,8.0,4.0,9.0,5.0,8.0,10
2022-11-06,Hafta Sonu,Sonbahar,Tatil Günü,November,Sunday,10.0,12.0,6.0,8.0,5.0,7.0,2.0,6.0,20.0,7.0,8.0,8.0,5.0,10.0,10.0,11.0,7.0,8.0,4.0,9.0,5.0,9
2022-11-07,Hafta İçi,Sonbahar,İş Günü,November,Monday,9.0,10.0,12.0,6.0,8.0,5.0,7.0,2.0,6.0,20.0,7.0,8.0,8.0,5.0,10.0,10.0,11.0,7.0,8.0,4.0,9.0,5
2022-11-08,Hafta İçi,Sonbahar,İş Günü,November,Tuesday,5.0,9.0,10.0,12.0,6.0,8.0,5.0,7.0,2.0,6.0,20.0,7.0,8.0,8.0,5.0,10.0,10.0,11.0,7.0,8.0,4.0,8
2022-11-09,Hafta İçi,Sonbahar,İş Günü,November,Wednesday,8.0,5.0,9.0,10.0,12.0,6.0,8.0,5.0,7.0,2.0,6.0,20.0,7.0,8.0,8.0,5.0,10.0,10.0,11.0,7.0,8.0,6
2022-11-10,Hafta İçi,Sonbahar,İş Günü,November,Thursday,6.0,8.0,5.0,9.0,10.0,12.0,6.0,8.0,5.0,7.0,2.0,6.0,20.0,7.0,8.0,8.0,5.0,10.0,10.0,11.0,7.0,16
2022-11-11,Hafta İçi,Sonbahar,İş Günü,November,Friday,16.0,6.0,8.0,5.0,9.0,10.0,12.0,6.0,8.0,5.0,7.0,2.0,6.0,20.0,7.0,8.0,8.0,5.0,10.0,10.0,11.0,13
2022-11-12,Hafta Sonu,Sonbahar,Tatil Günü,November,Saturday,13.0,16.0,6.0,8.0,5.0,9.0,10.0,12.0,6.0,8.0,5.0,7.0,2.0,6.0,20.0,7.0,8.0,8.0,5.0,10.0,10.0,8
2022-11-13,Hafta Sonu,Sonbahar,Tatil Günü,November,Sunday,8.0,13.0,16.0,6.0,8.0,5.0,9.0,10.0,12.0,6.0,8.0,5.0,7.0,2.0,6.0,20.0,7.0,8.0,8.0,5.0,10.0,3
2022-11-14,Hafta İçi,Sonbahar,İş Günü,November,Monday,3.0,8.0,13.0,16.0,6.0,8.0,5.0,9.0,10.0,12.0,6.0,8.0,5.0,7.0,2.0,6.0,20.0,7.0,8.0,8.0,5.0,8
2022-11-15,Hafta İçi,Sonbahar,İş Günü,November,Tuesday,8.0,3.0,8.0,13.0,16.0,6.0,8.0,5.0,9.0,10.0,12.0,6.0,8.0,5.0,7.0,2.0,6.0,20.0,7.0,8.0,8.0,10
2022-11-16,Hafta İçi,Sonbahar,İş Günü,November,Wednesday,10.0,8.0,3.0,8.0,13.0,16.0,6.0,8.0,5.0,9.0,10.0,12.0,6.0,8.0,5.0,7.0,2.0,6.0,20.0,7.0,8.0,5
2022-11-17,Hafta İçi,Sonbahar,İş Günü,November,Thursday,5.0,10.0,8.0,3.0,8.0,13.0,16.0,6.0,8.0,5.0,9.0,10.0,12.0,6.0,8.0,5.0,7.0,2.0,6.0,20.0,7.0,11
2022-11-18,Hafta İçi,Sonbahar,İş Günü,November,Friday,11.0,5.0,10.0,8.0,3.0,8.0,13.0,16.0,6.0,8.0,5.0,9.0,10.0,12.0,6.0,8.0,5.0,7.0,2.0,6.0,20.0,14
2022-11-19,Hafta Sonu,Sonbahar,Tatil Günü,November,Saturday,14.0,11.0,5.0,10.0,8.0,3.0,8.0,13.0,16.0,6.0,8.0,5.0,9.0,10.0,12.0,6.0,8.0,5.0,7.0,2.0,6.0,3
2022-11-20,Hafta Sonu,Sonbahar,Tatil Günü,November,Sunday,3.0,14.0,11.0,5.0,10.0,8.0,3.0,8.0,13.0,16.0,6.0,8.0,5.0,9.0,10.0,12.0,6.0,8.0,5.0,7.0,2.0,2
2022-11-21,Hafta İçi,Sonbahar,İş Günü,November,Monday,2.0,3.0,14.0,11.0,5.0,10.0,8.0,3.0,8.0,13.0,16.0,6.0,8.0,5.0,9.0,10.0,12.0,6.0,8.0,5.0,7.0,9
2022-11-22,Hafta İçi,Sonbahar,İş Günü,November,Tuesday,9.0,2.0,3.0,14.0,11.0,5.0,10.0,8.0,3.0,8.0,13.0,16.0,6.0,8.0,5.0,9.0,10.0,12.0,6.0,8.0,5.0,9
2022-11-23,Hafta İçi,Sonbahar,İş Günü,November,Wednesday,9.0,9.0,2.0,3.0,14.0,11.0,5.0,10.0,8.0,3.0,8.0,13.0,16.0,6.0,8.0,5.0,9.0,10.0,12.0,6.0,8.0,5
2022-11-24,Hafta İçi,Sonbahar,İş Günü,November,Thursday,5.0,9.0,9.0,2.0,3.0,14.0,11.0,5.0,10.0,8.0,3.0,8.0,13.0,16.0,6.0,8.0,5.0,9.0,10.0,12.0,6.0,2
2022-11-25,Hafta İçi,Sonbahar,İş Günü,November,Friday,2.0,5.0,9.0,9.0,2.0,3.0,14.0,11.0,5.0,10.0,8.0,3.0,8.0,13.0,16.0,6.0,8.0,5.0,9.0,10.0,12.0,4
2022-11-27,Hafta Sonu,Sonbahar,Tatil Günü,November,Sunday,4.0,2.0,5.0,9.0,9.0,2.0,3.0,14.0,11.0,5.0,10.0,8.0,3.0,8.0,13.0,16.0,6.0,8.0,5.0,9.0,10.0,6
2022-11-28,Hafta İçi,Sonbahar,İş Günü,November,Monday,6.0,4.0,2.0,5.0,9.0,9.0,2.0,3.0,14.0,11.0,5.0,10.0,8.0,3.0,8.0,13.0,16.0,6.0,8.0,5.0,9.0,14
2022-11-29,Hafta İçi,Sonbahar,İş Günü,November,Tuesday,14.0,6.0,4.0,2.0,5.0,9.0,9.0,2.0,3.0,14.0,11.0,5.0,10.0,8.0,3.0,8.0,13.0,16.0,6.0,8.0,5.0,6
2022-11-30,Hafta İçi,Sonbahar,İş Günü,November,Wednesday,6.0,14.0,6.0,4.0,2.0,5.0,9.0,9.0,2.0,3.0,14.0,11.0,5.0,10.0,8.0,3.0,8.0,13.0,16.0,6.0,8.0,7
2022-12-01,Hafta İçi,Kış,İş Günü,December,Thursday,7.0,6.0,14.0,6.0,4.0,2.0,5.0,9.0,9.0,2.0,3.0,14.0,11.0,5.0,10.0,8.0,3.0,8.0,13.0,16.0,6.0,11
2022-12-02,Hafta İçi,Kış,İş Günü,December,Friday,11.0,7.0,6.0,14.0,6.0,4.0,2.0,5.0,9.0,9.0,2.0,3.0,14.0,11.0,5.0,10.0,8.0,3.0,8.0,13.0,16.0,8
2022-12-03,Hafta Sonu,Kış,Tatil Günü,December,Saturday,8.0,11.0,7.0,6.0,14.0,6.0,4.0,2.0,5.0,9.0,9.0,2.0,3.0,14.0,11.0,5.0,10.0,8.0,3.0,8.0,13.0,3
2022-12-04,Hafta Sonu,Kış,Tatil Günü,December,Sunday,3.0,8.0,11.0,7.0,6.0,14.0,6.0,4.0,2.0,5.0,9.0,9.0,2.0,3.0,14.0,11.0,5.0,10.0,8.0,3.0,8.0,5
2022-12-05,Hafta İçi,Kış,İş Günü,December,Monday,5.0,3.0,8.0,11.0,7.0,6.0,14.0,6.0,4.0,2.0,5.0,9.0,9.0,2.0,3.0,14.0,11.0,5.0,10.0,8.0,3.0,3
2022-12-06,Hafta İçi,Kış,İş Günü,December,Tuesday,3.0,5.0,3.0,8.0,11.0,7.0,6.0,14.0,6.0,4.0,2.0,5.0,9.0,9.0,2.0,3.0,14.0,11.0,5.0,10.0,8.0,6
2022-12-07,Hafta İçi,Kış,İş Günü,December,Wednesday,6.0,3.0,5.0,3.0,8.0,11.0,7.0,6.0,14.0,6.0,4.0,2.0,5.0,9.0,9.0,2.0,3.0,14.0,11.0,5.0,10.0,6
2022-12-08,Hafta İçi,Kış,İş Günü,December,Thursday,6.0,6.0,3.0,5.0,3.0,8.0,11.0,7.0,6.0,14.0,6.0,4.0,2.0,5.0,9.0,9.0,2.0,3.0,14.0,11.0,5.0,9
2022-12-09,Hafta İçi,Kış,İş Günü,December,Friday,9.0,6.0,6.0,3.0,5.0,3.0,8.0,11.0,7.0,6.0,14.0,6.0,4.0,2.0,5.0,9.0,9.0,2.0,3.0,14.0,11.0,9
2022-12-10,Hafta Sonu,Kış,Tatil Günü,December,Saturday,9.0,9.0,6.0,6.0,3.0,5.0,3.0,8.0,11.0,7.0,6.0,14.0,6.0,4.0,2.0,5.0,9.0,9.0,2.0,3.0,14.0,4
2022-12-11,Hafta Sonu,Kış,Tatil Günü,December,Sunday,4.0,9.0,9.0,6.0,6.0,3.0,5.0,3.0,8.0,11.0,7.0,6.0,14.0,6.0,4.0,2.0,5.0,9.0,9.0,2.0,3.0,3
2022-12-12,Hafta İçi,Kış,İş Günü,December,Monday,3.0,4.0,9.0,9.0,6.0,6.0,3.0,5.0,3.0,8.0,11.0,7.0,6.0,14.0,6.0,4.0,2.0,5.0,9.0,9.0,2.0,9
2022-12-13,Hafta İçi,Kış,İş Günü,December,Tuesday,9.0,3.0,4.0,9.0,9.0,6.0,6.0,3.0,5.0,3.0,8.0,11.0,7.0,6.0,14.0,6.0,4.0,2.0,5.0,9.0,9.0,15
2022-12-14,Hafta İçi,Kış,İş Günü,December,Wednesday,15.0,9.0,3.0,4.0,9.0,9.0,6.0,6.0,3.0,5.0,3.0,8.0,11.0,7.0,6.0,14.0,6.0,4.0,2.0,5.0,9.0,1
2022-12-15,Hafta İçi,Kış,İş Günü,December,Thursday,1.0,15.0,9.0,3.0,4.0,9.0,9.0,6.0,6.0,3.0,5.0,3.0,8.0,11.0,7.0,6.0,14.0,6.0,4.0,2.0,5.0,2
2022-12-16,Hafta İçi,Kış,İş Günü,December,Friday,2.0,1.0,15.0,9.0,3.0,4.0,9.0,9.0,6.0,6.0,3.0,5.0,3.0,8.0,11.0,7.0,6.0,14.0,6.0,4.0,2.0,6
2022-12-17,Hafta Sonu,Kış,Tatil Günü,December,Saturday,6.0,2.0,1.0,15.0,9.0,3.0,4.0,9.0,9.0,6.0,6.0,3.0,5.0,3.0,8.0,11.0,7.0,6.0,14.0,6.0,4.0,2
2022-12-18,Hafta Sonu,Kış,Tatil Günü,December,Sunday,2.0,6.0,2.0,1.0,15.0,9.0,3.0,4.0,9.0,9.0,6.0,6.0,3.0,5.0,3.0,8.0,11.0,7.0,6.0,14.0,6.0,3
2022-12-19,Hafta İçi,Kış,İş Günü,December,Monday,3.0,2.0,6.0,2.0,1.0,15.0,9.0,3.0,4.0,9.0,9.0,6.0,6.0,3.0,5.0,3.0,8.0,11.0,7.0,6.0,14.0,8
2022-12-20,Hafta İçi,Kış,İş Günü,December,Tuesday,8.0,3.0,2.0,6.0,2.0,1.0,15.0,9.0,3.0,4.0,9.0,9.0,6.0,6.0,3.0,5.0,3.0,8.0,11.0,7.0,6.0,13
2022-12-21,Hafta İçi,Kış,İş Günü,December,Wednesday,13.0,8.0,3.0,2.0,6.0,2.0,1.0,15.0,9.0,3.0,4.0,9.0,9.0,6.0,6.0,3.0,5.0,3.0,8.0,11.0,7.0,6
2022-12-22,Hafta İçi,Kış,İş Günü,December,Thursday,6.0,13.0,8.0,3.0,2.0,6.0,2.0,1.0,15.0,9.0,3.0,4.0,9.0,9.0,6.0,6.0,3.0,5.0,3.0,8.0,11.0,12
2022-12-23,Hafta İçi,Kış,İş Günü,December,Friday,12.0,6.0,13.0,8.0,3.0,2.0,6.0,2.0,1.0,15.0,9.0,3.0,4.0,9.0,9.0,6.0,6.0,3.0,5.0,3.0,8.0,7
2022-12-24,Hafta Sonu,Kış,Tatil Günü,December,Saturday,7.0,12.0,6.0,13.0,8.0,3.0,2.0,6.0,2.0,1.0,15.0,9.0,3.0,4.0,9.0,9.0,6.0,6.0,3.0,5.0,3.0,6
2022-12-25,Hafta Sonu,Kış,Tatil Günü,December,Sunday,6.0,7.0,12.0,6.0,13.0,8.0,3.0,2.0,6.0,2.0,1.0,15.0,9.0,3.0,4.0,9.0,9.0,6.0,6.0,3.0,5.0,2
2022-12-26,Hafta İçi,Kış,İş Günü,December,Monday,2.0,6.0,7.0,12.0,6.0,13.0,8.0,3.0,2.0,6.0,2.0,1.0,15.0,9.0,3.0,4.0,9.0,9.0,6.0,6.0,3.0,8
2022-12-27,Hafta İçi,Kış,İş Günü,December,Tuesday,8.0,2.0,6.0,7.0,12.0,6.0,13.0,8.0,3.0,2.0,6.0,2.0,1.0,15.0,9.0,3.0,4.0,9.0,9.0,6.0,6.0,12
2022-12-28,Hafta İçi,Kış,İş Günü,December,Wednesday,12.0,8.0,2.0,6.0,7.0,12.0,6.0,13.0,8.0,3.0,2.0,6.0,2.0,1.0,15.0,9.0,3.0,4.0,9.0,9.0,6.0,5
2022-12-29,Hafta İçi,Kış,İş Günü,December,Thursday,5.0,12.0,8.0,2.0,6.0,7.0,12.0,6.0,13.0,8.0,3.0,2.0,6.0,2.0,1.0,15.0,9.0,3.0,4.0,9.0,9.0,11
2022-12-30,Hafta İçi,Kış,İş Günü,December,Friday,11.0,5.0,12.0,8.0,2.0,6.0,7.0,12.0,6.0,13.0,8.0,3.0,2.0,6.0,2.0,1.0,15.0,9.0,3.0,4.0,9.0,7
2022-12-31,Resmi Tatil,Kış,Tatil Günü,December,Saturday,7.0,11.0,5.0,12.0,8.0,2.0,6.0,7.0,12.0,6.0,13.0,8.0,3.0,2.0,6.0,2.0,1.0,15.0,9.0,3.0,4.0,4
2023-01-01,Resmi Tatil,Kış,Tatil Günü,January,Sunday,4.0,7.0,11.0,5.0,12.0,8.0,2.0,6.0,7.0,12.0,6.0,13.0,8.0,3.0,2.0,6.0,2.0,1.0,15.0,9.0,3.0,3
2023-01-02,Hafta İçi,Kış,İş Günü,January,Monday,3.0,4.0,7.0,11.0,5.0,12.0,8.0,2.0,6.0,7.0,12.0,6.0,13.0,8.0,3.0,2.0,6.0,2.0,1.0,15.0,9.0,2
2023-01-03,Hafta İçi,Kış,İş Günü,January,Tuesday,2.0,3.0,4.0,7.0,11.0,5.0,12.0,8.0,2.0,6.0,7.0,12.0,6.0,13.0,8.0,3.0,2.0,6.0,2.0,1.0,15.0,5
2023-01-04,Hafta İçi,Kış,İş Günü,January,Wednesday,5.0,2.0,3.0,4.0,7.0,11.0,5.0,12.0,8.0,2.0,6.0,7.0,12.0,6.0,13.0,8.0,3.0,2.0,6.0,2.0,1.0,7
2023-01-05,Hafta İçi,Kış,İş Günü,January,Thursday,7.0,5.0,2.0,3.0,4.0,7.0,11.0,5.0,12.0,8.0,2.0,6.0,7.0,12.0,6.0,13.0,8.0,3.0,2.0,6.0,2.0,5
2023-01-06,Hafta İçi,Kış,İş Günü,January,Friday,5.0,7.0,5.0,2.0,3.0,4.0,7.0,11.0,5.0,12.0,8.0,2.0,6.0,7.0,12.0,6.0,13.0,8.0,3.0,2.0,6.0,14
2023-01-07,Hafta Sonu,Kış,Tatil Günü,January,Saturday,14.0,5.0,7.0,5.0,2.0,3.0,4.0,7.0,11.0,5.0,12.0,8.0,2.0,6.0,7.0,12.0,6.0,13.0,8.0,3.0,2.0,3
2023-01-08,Hafta Sonu,Kış,Tatil Günü,January,Sunday,3.0,14.0,5.0,7.0,5.0,2.0,3.0,4.0,7.0,11.0,5.0,12.0,8.0,2.0,6.0,7.0,12.0,6.0,13.0,8.0,3.0,9
2023-01-09,Hafta İçi,Kış,İş Günü,January,Monday,9.0,3.0,14.0,5.0,7.0,5.0,2.0,3.0,4.0,7.0,11.0,5.0,12.0,8.0,2.0,6.0,7.0,12.0,6.0,13.0,8.0,9
2023-01-10,Hafta İçi,Kış,İş Günü,January,Tuesday,9.0,9.0,3.0,14.0,5.0,7.0,5.0,2.0,3.0,4.0,7.0,11.0,5.0,12.0,8.0,2.0,6.0,7.0,12.0,6.0,13.0,10
2023-01-11,Hafta İçi,Kış,İş Günü,January,Wednesday,10.0,9.0,9.0,3.0,14.0,5.0,7.0,5.0,2.0,3.0,4.0,7.0,11.0,5.0,12.0,8.0,2.0,6.0,7.0,12.0,6.0,8
2023-01-12,Hafta İçi,Kış,İş Günü,January,Thursday,8.0,10.0,9.0,9.0,3.0,14.0,5.0,7.0,5.0,2.0,3.0,4.0,7.0,11.0,5.0,12.0,8.0,2.0,6.0,7.0,12.0,8
2023-01-13,Hafta İçi,Kış,İş Günü,January,Friday,8.0,8.0,10.0,9.0,9.0,3.0,14.0,5.0,7.0,5.0,2.0,3.0,4.0,7.0,11.0,5.0,12.0,8.0,2.0,6.0,7.0,7
2023-01-14,Hafta Sonu,Kış,Tatil Günü,January,Saturday,7.0,8.0,8.0,10.0,9.0,9.0,3.0,14.0,5.0,7.0,5.0,2.0,3.0,4.0,7.0,11.0,5.0,12.0,8.0,2.0,6.0,7
2023-01-15,Hafta Sonu,Kış,Tatil Günü,January,Sunday,7.0,7.0,8.0,8.0,10.0,9.0,9.0,3.0,14.0,5.0,7.0,5.0,2.0,3.0,4.0,7.0,11.0,5.0,12.0,8.0,2.0,4
2023-01-16,Hafta İçi,Kış,İş Günü,January,Monday,4.0,7.0,7.0,8.0,8.0,10.0,9.0,9.0,3.0,14.0,5.0,7.0,5.0,2.0,3.0,4.0,7.0,11.0,5.0,12.0,8.0,14
2023-01-17,Hafta İçi,Kış,İş Günü,January,Tuesday,14.0,4.0,7.0,7.0,8.0,8.0,10.0,9.0,9.0,3.0,14.0,5.0,7.0,5.0,2.0,3.0,4.0,7.0,11.0,5.0,12.0,9
2023-01-18,Hafta İçi,Kış,İş Günü,January,Wednesday,9.0,14.0,4.0,7.0,7.0,8.0,8.0,10.0,9.0,9.0,3.0,14.0,5.0,7.0,5.0,2.0,3.0,4.0,7.0,11.0,5.0,9
2023-01-19,Hafta İçi,Kış,İş Günü,January,Thursday,9.0,9.0,14.0,4.0,7.0,7.0,8.0,8.0,10.0,9.0,9.0,3.0,14.0,5.0,7.0,5.0,2.0,3.0,4.0,7.0,11.0,13
2023-01-20,Hafta İçi,Kış,İş Günü,January,Friday,13.0,9.0,9.0,14.0,4.0,7.0,7.0,8.0,8.0,10.0,9.0,9.0,3.0,14.0,5.0,7.0,5.0,2.0,3.0,4.0,7.0,18
2023-01-21,Hafta Sonu,Kış,Tatil Günü,January,Saturday,18.0,13.0,9.0,9.0,14.0,4.0,7.0,7.0,8.0,8.0,10.0,9.0,9.0,3.0,14.0,5.0,7.0,5.0,2.0,3.0,4.0,7
2023-01-23,Hafta İçi,Kış,İş Günü,January,Monday,7.0,18.0,13.0,9.0,9.0,14.0,4.0,7.0,7.0,8.0,8.0,10.0,9.0,9.0,3.0,14.0,5.0,7.0,5.0,2.0,3.0,11
2023-01-24,Hafta İçi,Kış,İş Günü,January,Tuesday,11.0,7.0,18.0,13.0,9.0,9.0,14.0,4.0,7.0,7.0,8.0,8.0,10.0,9.0,9.0,3.0,14.0,5.0,7.0,5.0,2.0,10
2023-01-25,Hafta İçi,Kış,İş Günü,January,Wednesday,10.0,11.0,7.0,18.0,13.0,9.0,9.0,14.0,4.0,7.0,7.0,8.0,8.0,10.0,9.0,9.0,3.0,14.0,5.0,7.0,5.0,12
2023-01-26,Hafta İçi,Kış,İş Günü,January,Thursday,12.0,10.0,11.0,7.0,18.0,13.0,9.0,9.0,14.0,4.0,7.0,7.0,8.0,8.0,10.0,9.0,9.0,3.0,14.0,5.0,7.0,2
2023-01-27,Hafta İçi,Kış,İş Günü,January,Friday,2.0,12.0,10.0,11.0,7.0,18.0,13.0,9.0,9.0,14.0,4.0,7.0,7.0,8.0,8.0,10.0,9.0,9.0,3.0,14.0,5.0,8
2023-01-28,Hafta Sonu,Kış,Tatil Günü,January,Saturday,8.0,2.0,12.0,10.0,11.0,7.0,18.0,13.0,9.0,9.0,14.0,4.0,7.0,7.0,8.0,8.0,10.0,9.0,9.0,3.0,14.0,6
2023-01-30,Hafta İçi,Kış,İş Günü,January,Monday,6.0,8.0,2.0,12.0,10.0,11.0,7.0,18.0,13.0,9.0,9.0,14.0,4.0,7.0,7.0,8.0,8.0,10.0,9.0,9.0,3.0,13
2023-01-31,Hafta İçi,Kış,İş Günü,January,Tuesday,13.0,6.0,8.0,2.0,12.0,10.0,11.0,7.0,18.0,13.0,9.0,9.0,14.0,4.0,7.0,7.0,8.0,8.0,10.0,9.0,9.0,8
2023-02-01,Hafta İçi,Kış,İş Günü,February,Wednesday,8.0,13.0,6.0,8.0,2.0,12.0,10.0,11.0,7.0,18.0,13.0,9.0,9.0,14.0,4.0,7.0,7.0,8.0,8.0,10.0,9.0,8
2023-02-02,Hafta İçi,Kış,İş Günü,February,Thursday,8.0,8.0,13.0,6.0,8.0,2.0,12.0,10.0,11.0,7.0,18.0,13.0,9.0,9.0,14.0,4.0,7.0,7.0,8.0,8.0,10.0,14
2023-02-03,Hafta İçi,Kış,İş Günü,February,Friday,14.0,8.0,8.0,13.0,6.0,8.0,2.0,12.0,10.0,11.0,7.0,18.0,13.0,9.0,9.0,14.0,4.0,7.0,7.0,8.0,8.0,10
2023-02-04,Hafta Sonu,Kış,Tatil Günü,February,Saturday,10.0,14.0,8.0,8.0,13.0,6.0,8.0,2.0,12.0,10.0,11.0,7.0,18.0,13.0,9.0,9.0,14.0,4.0,7.0,7.0,8.0,7
2023-02-05,Hafta Sonu,Kış,Tatil Günü,February,Sunday,7.0,10.0,14.0,8.0,8.0,13.0,6.0,8.0,2.0,12.0,10.0,11.0,7.0,18.0,13.0,9.0,9.0,14.0,4.0,7.0,7.0,4
2023-02-06,Hafta İçi,Kış,İş Günü,February,Monday,4.0,7.0,10.0,14.0,8.0,8.0,13.0,6.0,8.0,2.0,12.0,10.0,11.0,7.0,18.0,13.0,9.0,9.0,14.0,4.0,7.0,7
2023-02-07,Hafta İçi,Kış,İş Günü,February,Tuesday,7.0,4.0,7.0,10.0,14.0,8.0,8.0,13.0,6.0,8.0,2.0,12.0,10.0,11.0,7.0,18.0,13.0,9.0,9.0,14.0,4.0,8
2023-02-08,Hafta İçi,Kış,İş Günü,February,Wednesday,8.0,7.0,4.0,7.0,10.0,14.0,8.0,8.0,13.0,6.0,8.0,2.0,12.0,10.0,11.0,7.0,18.0,13.0,9.0,9.0,14.0,9
2023-02-09,Hafta İçi,Kış,İş Günü,February,Thursday,9.0,8.0,7.0,4.0,7.0,10.0,14.0,8.0,8.0,13.0,6.0,8.0,2.0,12.0,10.0,11.0,7.0,18.0,13.0,9.0,9.0,7
2023-02-10,Hafta İçi,Kış,İş Günü,February,Friday,7.0,9.0,8.0,7.0,4.0,7.0,10.0,14.0,8.0,8.0,13.0,6.0,8.0,2.0,12.0,10.0,11.0,7.0,18.0,13.0,9.0,8
2023-02-11,Hafta Sonu,Kış,Tatil Günü,February,Saturday,8.0,7.0,9.0,8.0,7.0,4.0,7.0,10.0,14.0,8.0,8.0,13.0,6.0,8.0,2.0,12.0,10.0,11.0,7.0,18.0,13.0,6
2023-02-12,Hafta Sonu,Kış,Tatil Günü,February,Sunday,6.0,8.0,7.0,9.0,8.0,7.0,4.0,7.0,10.0,14.0,8.0,8.0,13.0,6.0,8.0,2.0,12.0,10.0,11.0,7.0,18.0,2
2023-02-13,Hafta İçi,Kış,İş Günü,February,Monday,2.0,6.0,8.0,7.0,9.0,8.0,7.0,4.0,7.0,10.0,14.0,8.0,8.0,13.0,6.0,8.0,2.0,12.0,10.0,11.0,7.0,10
2023-02-14,Hafta İçi,Kış,İş Günü,February,Tuesday,10.0,2.0,6.0,8.0,7.0,9.0,8.0,7.0,4.0,7.0,10.0,14.0,8.0,8.0,13.0,6.0,8.0,2.0,12.0,10.0,11.0,13
2023-02-15,Hafta İçi,Kış,İş Günü,February,Wednesday,13.0,10.0,2.0,6.0,8.0,7.0,9.0,8.0,7.0,4.0,7.0,10.0,14.0,8.0,8.0,13.0,6.0,8.0,2.0,12.0,10.0,14
2023-02-16,Hafta İçi,Kış,İş Günü,February,Thursday,14.0,13.0,10.0,2.0,6.0,8.0,7.0,9.0,8.0,7.0,4.0,7.0,10.0,14.0,8.0,8.0,13.0,6.0,8.0,2.0,12.0,8
2023-02-17,Hafta İçi,Kış,İş Günü,February,Friday,8.0,14.0,13.0,10.0,2.0,6.0,8.0,7.0,9.0,8.0,7.0,4.0,7.0,10.0,14.0,8.0,8.0,13.0,6.0,8.0,2.0,13
2023-02-18,Hafta Sonu,Kış,Tatil Günü,February,Saturday,13.0,8.0,14.0,13.0,10.0,2.0,6.0,8.0,7.0,9.0,8.0,7.0,4.0,7.0,10.0,14.0,8.0,8.0,13.0,6.0,8.0,9
2023-02-19,Hafta Sonu,Kış,Tatil Günü,February,Sunday,9.0,13.0,8.0,14.0,13.0,10.0,2.0,6.0,8.0,7.0,9.0,8.0,7.0,4.0,7.0,10.0,14.0,8.0,8.0,13.0,6.0,3
2023-02-20,Hafta İçi,Kış,İş Günü,February,Monday,3.0,9.0,13.0,8.0,14.0,13.0,10.0,2.0,6.0,8.0,7.0,9.0,8.0,7.0,4.0,7.0,10.0,14.0,8.0,8.0,13.0,11
2023-02-21,Hafta İçi,Kış,İş Günü,February,Tuesday,11.0,3.0,9.0,13.0,8.0,14.0,13.0,10.0,2.0,6.0,8.0,7.0,9.0,8.0,7.0,4.0,7.0,10.0,14.0,8.0,8.0,11
2023-02-22,Hafta İçi,Kış,İş Günü,February,Wednesday,11.0,11.0,3.0,9.0,13.0,8.0,14.0,13.0,10.0,2.0,6.0,8.0,7.0,9.0,8.0,7.0,4.0,7.0,10.0,14.0,8.0,11
2023-02-23,Hafta İçi,Kış,İş Günü,February,Thursday,11.0,11.0,11.0,3.0,9.0,13.0,8.0,14.0,13.0,10.0,2.0,6.0,8.0,7.0,9.0,8.0,7.0,4.0,7.0,10.0,14.0,7
2023-02-24,Hafta İçi,Kış,İş Günü,February,Friday,7.0,11.0,11.0,11.0,3.0,9.0,13.0,8.0,14.0,13.0,10.0,2.0,6.0,8.0,7.0,9.0,8.0,7.0,4.0,7.0,10.0,8
2023-02-25,Hafta Sonu,Kış,Tatil Günü,February,Saturday,8.0,7.0,11.0,11.0,11.0,3.0,9.0,13.0,8.0,14.0,13.0,10.0,2.0,6.0,8.0,7.0,9.0,8.0,7.0,4.0,7.0,6
2023-02-26,Hafta Sonu,Kış,Tatil Günü,February,Sunday,6.0,8.0,7.0,11.0,11.0,11.0,3.0,9.0,13.0,8.0,14.0,13.0,10.0,2.0,6.0,8.0,7.0,9.0,8.0,7.0,4.0,6
2023-02-27,Hafta İçi,Kış,İş Günü,February,Monday,6.0,6.0,8.0,7.0,11.0,11.0,11.0,3.0,9.0,13.0,8.0,14.0,13.0,10.0,2.0,6.0,8.0,7.0,9.0,8.0,7.0,10
2023-02-28,Hafta İçi,Kış,İş Günü,February,Tuesday,10.0,6.0,6.0,8.0,7.0,11.0,11.0,11.0,3.0,9.0,13.0,8.0,14.0,13.0,10.0,2.0,6.0,8.0,7.0,9.0,8.0,9
2023-03-01,Hafta İçi,İlkbahar,İş Günü,March,Wednesday,9.0,10.0,6.0,6.0,8.0,7.0,11.0,11.0,11.0,3.0,9.0,13.0,8.0,14.0,13.0,10.0,2.0,6.0,8.0,7.0,9.0,12
2023-03-02,Hafta İçi,İlkbahar,İş Günü,March,Thursday,12.0,9.0,10.0,6.0,6.0,8.0,7.0,11.0,11.0,11.0,3.0,9.0,13.0,8.0,14.0,13.0,10.0,2.0,6.0,8.0,7.0,8
2023-03-03,Hafta İçi,İlkbahar,İş Günü,March,Friday,8.0,12.0,9.0,10.0,6.0,6.0,8.0,7.0,11.0,11.0,11.0,3.0,9.0,13.0,8.0,14.0,13.0,10.0,2.0,6.0,8.0,21
2023-03-04,Hafta Sonu,İlkbahar,Tatil Günü,March,Saturday,21.0,8.0,12.0,9.0,10.0,6.0,6.0,8.0,7.0,11.0,11.0,11.0,3.0,9.0,13.0,8.0,14.0,13.0,10.0,2.0,6.0,8
2023-03-05,Hafta Sonu,İlkbahar,Tatil Günü,March,Sunday,8.0,21.0,8.0,12.0,9.0,10.0,6.0,6.0,8.0,7.0,11.0,11.0,11.0,3.0,9.0,13.0,8.0,14.0,13.0,10.0,2.0,9
2023-03-06,Hafta İçi,İlkbahar,İş Günü,March,Monday,9.0,8.0,21.0,8.0,12.0,9.0,10.0,6.0,6.0,8.0,7.0,11.0,11.0,11.0,3.0,9.0,13.0,8.0,14.0,13.0,10.0,10
2023-03-07,Hafta İçi,İlkbahar,İş Günü,March,Tuesday,10.0,9.0,8.0,21.0,8.0,12.0,9.0,10.0,6.0,6.0,8.0,7.0,11.0,11.0,11.0,3.0,9.0,13.0,8.0,14.0,13.0,9
2023-03-08,Hafta İçi,İlkbahar,İş Günü,March,Wednesday,9.0,10.0,9.0,8.0,21.0,8.0,12.0,9.0,10.0,6.0,6.0,8.0,7.0,11.0,11.0,11.0,3.0,9.0,13.0,8.0,14.0,10
2023-03-09,Hafta İçi,İlkbahar,İş Günü,March,Thursday,10.0,9.0,10.0,9.0,8.0,21.0,8.0,12.0,9.0,10.0,6.0,6.0,8.0,7.0,11.0,11.0,11.0,3.0,9.0,13.0,8.0,6
2023-03-10,Hafta İçi,İlkbahar,İş Günü,March,Friday,6.0,10.0,9.0,10.0,9.0,8.0,21.0,8.0,12.0,9.0,10.0,6.0,6.0,8.0,7.0,11.0,11.0,11.0,3.0,9.0,13.0,8
2023-03-11,Hafta Sonu,İlkbahar,Tatil Günü,March,Saturday,8.0,6.0,10.0,9.0,10.0,9.0,8.0,21.0,8.0,12.0,9.0,10.0,6.0,6.0,8.0,7.0,11.0,11.0,11.0,3.0,9.0,5
2023-03-12,Hafta Sonu,İlkbahar,Tatil Günü,March,Sunday,5.0,8.0,6.0,10.0,9.0,10.0,9.0,8.0,21.0,8.0,12.0,9.0,10.0,6.0,6.0,8.0,7.0,11.0,11.0,11.0,3.0,3
2023-03-13,Hafta İçi,İlkbahar,İş Günü,March,Monday,3.0,5.0,8.0,6.0,10.0,9.0,10.0,9.0,8.0,21.0,8.0,12.0,9.0,10.0,6.0,6.0,8.0,7.0,11.0,11.0,11.0,15
2023-03-14,Hafta İçi,İlkbahar,İş Günü,March,Tuesday,15.0,3.0,5.0,8.0,6.0,10.0,9.0,10.0,9.0,8.0,21.0,8.0,12.0,9.0,10.0,6.0,6.0,8.0,7.0,11.0,11.0,17
2023-03-15,Hafta İçi,İlkbahar,İş Günü,March,Wednesday,17.0,15.0,3.0,5.0,8.0,6.0,10.0,9.0,10.0,9.0,8.0,21.0,8.0,12.0,9.0,10.0,6.0,6.0,8.0,7.0,11.0,13
2023-03-16,Hafta İçi,İlkbahar,İş Günü,March,Thursday,13.0,17.0,15.0,3.0,5.0,8.0,6.0,10.0,9.0,10.0,9.0,8.0,21.0,8.0,12.0,9.0,10.0,6.0,6.0,8.0,7.0,14
2023-03-17,Hafta İçi,İlkbahar,İş Günü,March,Friday,14.0,13.0,17.0,15.0,3.0,5.0,8.0,6.0,10.0,9.0,10.0,9.0,8.0,21.0,8.0,12.0,9.0,10.0,6.0,6.0,8.0,7
2023-03-18,Hafta Sonu,İlkbahar,Tatil Günü,March,Saturday,7.0,14.0,13.0,17.0,15.0,3.0,5.0,8.0,6.0,10.0,9.0,10.0,9.0,8.0,21.0,8.0,12.0,9.0,10.0,6.0,6.0,8
2023-03-19,Hafta Sonu,İlkbahar,Tatil Günü,March,Sunday,8.0,7.0,14.0,13.0,17.0,15.0,3.0,5.0,8.0,6.0,10.0,9.0,10.0,9.0,8.0,21.0,8.0,12.0,9.0,10.0,6.0,3
2023-03-20,Hafta İçi,İlkbahar,İş Günü,March,Monday,3.0,8.0,7.0,14.0,13.0,17.0,15.0,3.0,5.0,8.0,6.0,10.0,9.0,10.0,9.0,8.0,21.0,8.0,12.0,9.0,10.0,10
2023-03-21,Hafta İçi,İlkbahar,İş Günü,March,Tuesday,10.0,3.0,8.0,7.0,14.0,13.0,17.0,15.0,3.0,5.0,8.0,6.0,10.0,9.0,10.0,9.0,8.0,21.0,8.0,12.0,9.0,12
2023-03-22,Hafta İçi,İlkbahar,İş Günü,March,Wednesday,12.0,10.0,3.0,8.0,7.0,14.0,13.0,17.0,15.0,3.0,5.0,8.0,6.0,10.0,9.0,10.0,9.0,8.0,21.0,8.0,12.0,16
2023-03-23,Hafta İçi,İlkbahar,İş Günü,March,Thursday,16.0,12.0,10.0,3.0,8.0,7.0,14.0,13.0,17.0,15.0,3.0,5.0,8.0,6.0,10.0,9.0,10.0,9.0,8.0,21.0,8.0,6
2023-03-24,Hafta İçi,İlkbahar,İş Günü,March,Friday,6.0,16.0,12.0,10.0,3.0,8.0,7.0,14.0,13.0,17.0,15.0,3.0,5.0,8.0,6.0,10.0,9.0,10.0,9.0,8.0,21.0,7
2023-03-25,Hafta Sonu,İlkbahar,Tatil Günü,March,Saturday,7.0,6.0,16.0,12.0,10.0,3.0,8.0,7.0,14.0,13.0,17.0,15.0,3.0,5.0,8.0,6.0,10.0,9.0,10.0,9.0,8.0,14
2023-03-26,Hafta Sonu,İlkbahar,Tatil Günü,March,Sunday,14.0,7.0,6.0,16.0,12.0,10.0,3.0,8.0,7.0,14.0,13.0,17.0,15.0,3.0,5.0,8.0,6.0,10.0,9.0,10.0,9.0,2
2023-03-27,Hafta İçi,İlkbahar,İş Günü,March,Monday,2.0,14.0,7.0,6.0,16.0,12.0,10.0,3.0,8.0,7.0,14.0,13.0,17.0,15.0,3.0,5.0,8.0,6.0,10.0,9.0,10.0,17
2023-03-28,Hafta İçi,İlkbahar,İş Günü,March,Tuesday,17.0,2.0,14.0,7.0,6.0,16.0,12.0,10.0,3.0,8.0,7.0,14.0,13.0,17.0,15.0,3.0,5.0,8.0,6.0,10.0,9.0,13
2023-03-29,Hafta İçi,İlkbahar,İş Günü,March,Wednesday,13.0,17.0,2.0,14.0,7.0,6.0,16.0,12.0,10.0,3.0,8.0,7.0,14.0,13.0,17.0,15.0,3.0,5.0,8.0,6.0,10.0,9
2023-03-30,Hafta İçi,İlkbahar,İş Günü,March,Thursday,9.0,13.0,17.0,2.0,14.0,7.0,6.0,16.0,12.0,10.0,3.0,8.0,7.0,14.0,13.0,17.0,15.0,3.0,5.0,8.0,6.0,12
2023-03-31,Hafta İçi,İlkbahar,İş Günü,March,Friday,12.0,9.0,13.0,17.0,2.0,14.0,7.0,6.0,16.0,12.0,10.0,3.0,8.0,7.0,14.0,13.0,17.0,15.0,3.0,5.0,8.0,13
2023-04-01,Hafta Sonu,İlkbahar,Tatil Günü,April,Saturday,13.0,12.0,9.0,13.0,17.0,2.0,14.0,7.0,6.0,16.0,12.0,10.0,3.0,8.0,7.0,14.0,13.0,17.0,15.0,3.0,5.0,8
2023-04-02,Hafta Sonu,İlkbahar,Tatil Günü,April,Sunday,8.0,13.0,12.0,9.0,13.0,17.0,2.0,14.0,7.0,6.0,16.0,12.0,10.0,3.0,8.0,7.0,14.0,13.0,17.0,15.0,3.0,3
2023-04-03,Hafta İçi,İlkbahar,İş Günü,April,Monday,3.0,8.0,13.0,12.0,9.0,13.0,17.0,2.0,14.0,7.0,6.0,16.0,12.0,10.0,3.0,8.0,7.0,14.0,13.0,17.0,15.0,9
2023-04-04,Hafta İçi,İlkbahar,İş Günü,April,Tuesday,9.0,3.0,8.0,13.0,12.0,9.0,13.0,17.0,2.0,14.0,7.0,6.0,16.0,12.0,10.0,3.0,8.0,7.0,14.0,13.0,17.0,13
2023-04-05,Hafta İçi,İlkbahar,İş Günü,April,Wednesday,13.0,9.0,3.0,8.0,13.0,12.0,9.0,13.0,17.0,2.0,14.0,7.0,6.0,16.0,12.0,10.0,3.0,8.0,7.0,14.0,13.0,5
2023-04-06,Hafta İçi,İlkbahar,İş Günü,April,Thursday,5.0,13.0,9.0,3.0,8.0,13.0,12.0,9.0,13.0,17.0,2.0,14.0,7.0,6.0,16.0,12.0,10.0,3.0,8.0,7.0,14.0,9
2023-04-07,Hafta İçi,İlkbahar,İş Günü,April,Friday,9.0,5.0,13.0,9.0,3.0,8.0,13.0,12.0,9.0,13.0,17.0,2.0,14.0,7.0,6.0,16.0,12.0,10.0,3.0,8.0,7.0,13
2023-04-08,Hafta Sonu,İlkbahar,Tatil Günü,April,Saturday,13.0,9.0,5.0,13.0,9.0,3.0,8.0,13.0,12.0,9.0,13.0,17.0,2.0,14.0,7.0,6.0,16.0,12.0,10.0,3.0,8.0,6
2023-04-09,Hafta Sonu,İlkbahar,Tatil Günü,April,Sunday,6.0,13.0,9.0,5.0,13.0,9.0,3.0,8.0,13.0,12.0,9.0,13.0,17.0,2.0,14.0,7.0,6.0,16.0,12.0,10.0,3.0,4
2023-04-10,Hafta İçi,İlkbahar,İş Günü,April,Monday,4.0,6.0,13.0,9.0,5.0,13.0,9.0,3.0,8.0,13.0,12.0,9.0,13.0,17.0,2.0,14.0,7.0,6.0,16.0,12.0,10.0,21
2023-04-11,Hafta İçi,İlkbahar,İş Günü,April,Tuesday,21.0,4.0,6.0,13.0,9.0,5.0,13.0,9.0,3.0,8.0,13.0,12.0,9.0,13.0,17.0,2.0,14.0,7.0,6.0,16.0,12.0,5
2023-04-12,Hafta İçi,İlkbahar,İş Günü,April,Wednesday,5.0,21.0,4.0,6.0,13.0,9.0,5.0,13.0,9.0,3.0,8.0,13.0,12.0,9.0,13.0,17.0,2.0,14.0,7.0,6.0,16.0,8
2023-04-13,Hafta İçi,İlkbahar,İş Günü,April,Thursday,8.0,5.0,21.0,4.0,6.0,13.0,9.0,5.0,13.0,9.0,3.0,8.0,13.0,12.0,9.0,13.0,17.0,2.0,14.0,7.0,6.0,15
2023-04-14,Hafta İçi,İlkbahar,İş Günü,April,Friday,15.0,8.0,5.0,21.0,4.0,6.0,13.0,9.0,5.0,13.0,9.0,3.0,8.0,13.0,12.0,9.0,13.0,17.0,2.0,14.0,7.0,13
2023-04-15,Hafta Sonu,İlkbahar,Tatil Günü,April,Saturday,13.0,15.0,8.0,5.0,21.0,4.0,6.0,13.0,9.0,5.0,13.0,9.0,3.0,8.0,13.0,12.0,9.0,13.0,17.0,2.0,14.0,6
2023-04-16,Hafta Sonu,İlkbahar,Tatil Günü,April,Sunday,6.0,13.0,15.0,8.0,5.0,21.0,4.0,6.0,13.0,9.0,5.0,13.0,9.0,3.0,8.0,13.0,12.0,9.0,13.0,17.0,2.0,4
2023-04-17,Hafta İçi,İlkbahar,İş Günü,April,Monday,4.0,6.0,13.0,15.0,8.0,5.0,21.0,4.0,6.0,13.0,9.0,5.0,13.0,9.0,3.0,8.0,13.0,12.0,9.0,13.0,17.0,11
2023-04-18,Hafta İçi,İlkbahar,İş Günü,April,Tuesday,11.0,4.0,6.0,13.0,15.0,8.0,5.0,21.0,4.0,6.0,13.0,9.0,5.0,13.0,9.0,3.0,8.0,13.0,12.0,9.0,13.0,13
2023-04-19,Hafta İçi,İlkbahar,İş Günü,April,Wednesday,13.0,11.0,4.0,6.0,13.0,15.0,8.0,5.0,21.0,4.0,6.0,13.0,9.0,5.0,13.0,9.0,3.0,8.0,13.0,12.0,9.0,13
2023-04-20,Resmi Tatil,İlkbahar,Tatil Günü,April,Thursday,13.0,13.0,11.0,4.0,6.0,13.0,15.0,8.0,5.0,21.0,4.0,6.0,13.0,9.0,5.0,13.0,9.0,3.0,8.0,13.0,12.0,12
2023-04-21,Resmi Tatil,İlkbahar,Tatil Günü,April,Friday,12.0,13.0,13.0,11.0,4.0,6.0,13.0,15.0,8.0,5.0,21.0,4.0,6.0,13.0,9.0,5.0,13.0,9.0,3.0,8.0,13.0,8
2023-04-22,Resmi Tatil,İlkbahar,Tatil Günü,April,Saturday,8.0,12.0,13.0,13.0,11.0,4.0,6.0,13.0,15.0,8.0,5.0,21.0,4.0,6.0,13.0,9.0,5.0,13.0,9.0,3.0,8.0,10
2023-04-23,Resmi Tatil,İlkbahar,Tatil Günü,April,Sunday,10.0,8.0,12.0,13.0,13.0,11.0,4.0,6.0,13.0,15.0,8.0,5.0,21.0,4.0,6.0,13.0,9.0,5.0,13.0,9.0,3.0,3
2023-04-24,Hafta İçi,İlkbahar,İş Günü,April,Monday,3.0,10.0,8.0,12.0,13.0,13.0,11.0,4.0,6.0,13.0,15.0,8.0,5.0,21.0,4.0,6.0,13.0,9.0,5.0,13.0,9.0,12
2023-04-25,Hafta İçi,İlkbahar,İş Günü,April,Tuesday,12.0,3.0,10.0,8.0,12.0,13.0,13.0,11.0,4.0,6.0,13.0,15.0,8.0,5.0,21.0,4.0,6.0,13.0,9.0,5.0,13.0,9
2023-04-26,Hafta İçi,İlkbahar,İş Günü,April,Wednesday,9.0,12.0,3.0,10.0,8.0,12.0,13.0,13.0,11.0,4.0,6.0,13.0,15.0,8.0,5.0,21.0,4.0,6.0,13.0,9.0,5.0,12
2023-04-27,Hafta İçi,İlkbahar,İş Günü,April,Thursday,12.0,9.0,12.0,3.0,10.0,8.0,12.0,13.0,13.0,11.0,4.0,6.0,13.0,15.0,8.0,5.0,21.0,4.0,6.0,13.0,9.0,6
2023-04-28,Hafta İçi,İlkbahar,İş Günü,April,Friday,6.0,12.0,9.0,12.0,3.0,10.0,8.0,12.0,13.0,13.0,11.0,4.0,6.0,13.0,15.0,8.0,5.0,21.0,4.0,6.0,13.0,13
2023-04-29,Hafta Sonu,İlkbahar,Tatil Günü,April,Saturday,13.0,6.0,12.0,9.0,12.0,3.0,10.0,8.0,12.0,13.0,13.0,11.0,4.0,6.0,13.0,15.0,8.0,5.0,21.0,4.0,6.0,8
2023-04-30,Hafta Sonu,İlkbahar,Tatil Günü,April,Sunday,8.0,13.0,6.0,12.0,9.0,12.0,3.0,10.0,8.0,12.0,13.0,13.0,11.0,4.0,6.0,13.0,15.0,8.0,5.0,21.0,4.0,3
2023-05-01,Resmi Tatil,İlkbahar,Tatil Günü,May,Monday,3.0,8.0,13.0,6.0,12.0,9.0,12.0,3.0,10.0,8.0,12.0,13.0,13.0,11.0,4.0,6.0,13.0,15.0,8.0,5.0,21.0,15
2023-05-02,Hafta İçi,İlkbahar,İş Günü,May,Tuesday,15.0,3.0,8.0,13.0,6.0,12.0,9.0,12.0,3.0,10.0,8.0,12.0,13.0,13.0,11.0,4.0,6.0,13.0,15.0,8.0,5.0,14
2023-05-03,Hafta İçi,İlkbahar,İş Günü,May,Wednesday,14.0,15.0,3.0,8.0,13.0,6.0,12.0,9.0,12.0,3.0,10.0,8.0,12.0,13.0,13.0,11.0,4.0,6.0,13.0,15.0,8.0,9
2023-05-04,Hafta İçi,İlkbahar,İş Günü,May,Thursday,9.0,14.0,15.0,3.0,8.0,13.0,6.0,12.0,9.0,12.0,3.0,10.0,8.0,12.0,13.0,13.0,11.0,4.0,6.0,13.0,15.0,9
2023-05-05,Hafta İçi,İlkbahar,İş Günü,May,Friday,9.0,9.0,14.0,15.0,3.0,8.0,13.0,6.0,12.0,9.0,12.0,3.0,10.0,8.0,12.0,13.0,13.0,11.0,4.0,6.0,13.0,12
2023-05-06,Hafta Sonu,İlkbahar,Tatil Günü,May,Saturday,12.0,9.0,9.0,14.0,15.0,3.0,8.0,13.0,6.0,12.0,9.0,12.0,3.0,10.0,8.0,12.0,13.0,13.0,11.0,4.0,6.0,6
2023-05-07,Hafta Sonu,İlkbahar,Tatil Günü,May,Sunday,6.0,12.0,9.0,9.0,14.0,15.0,3.0,8.0,13.0,6.0,12.0,9.0,12.0,3.0,10.0,8.0,12.0,13.0,13.0,11.0,4.0,8
2023-05-08,Hafta İçi,İlkbahar,İş Günü,May,Monday,8.0,6.0,12.0,9.0,9.0,14.0,15.0,3.0,8.0,13.0,6.0,12.0,9.0,12.0,3.0,10.0,8.0,12.0,13.0,13.0,11.0,15
2023-05-09,Hafta İçi,İlkbahar,İş Günü,May,Tuesday,15.0,8.0,6.0,12.0,9.0,9.0,14.0,15.0,3.0,8.0,13.0,6.0,12.0,9.0,12.0,3.0,10.0,8.0,12.0,13.0,13.0,7
2023-05-10,Hafta İçi,İlkbahar,İş Günü,May,Wednesday,7.0,15.0,8.0,6.0,12.0,9.0,9.0,14.0,15.0,3.0,8.0,13.0,6.0,12.0,9.0,12.0,3.0,10.0,8.0,12.0,13.0,11
2023-05-11,Hafta İçi,İlkbahar,İş Günü,May,Thursday,11.0,7.0,15.0,8.0,6.0,12.0,9.0,9.0,14.0,15.0,3.0,8.0,13.0,6.0,12.0,9.0,12.0,3.0,10.0,8.0,12.0,7
2023-05-12,Hafta İçi,İlkbahar,İş Günü,May,Friday,7.0,11.0,7.0,15.0,8.0,6.0,12.0,9.0,9.0,14.0,15.0,3.0,8.0,13.0,6.0,12.0,9.0,12.0,3.0,10.0,8.0,10
2023-05-13,Hafta Sonu,İlkbahar,Tatil Günü,May,Saturday,10.0,7.0,11.0,7.0,15.0,8.0,6.0,12.0,9.0,9.0,14.0,15.0,3.0,8.0,13.0,6.0,12.0,9.0,12.0,3.0,10.0,6
2023-05-14,Hafta Sonu,İlkbahar,Tatil Günü,May,Sunday,6.0,10.0,7.0,11.0,7.0,15.0,8.0,6.0,12.0,9.0,9.0,14.0,15.0,3.0,8.0,13.0,6.0,12.0,9.0,12.0,3.0,2
2023-05-15,Hafta İçi,İlkbahar,İş Günü,May,Monday,2.0,6.0,10.0,7.0,11.0,7.0,15.0,8.0,6.0,12.0,9.0,9.0,14.0,15.0,3.0,8.0,13.0,6.0,12.0,9.0,12.0,9
2023-05-16,Hafta İçi,İlkbahar,İş Günü,May,Tuesday,9.0,2.0,6.0,10.0,7.0,11.0,7.0,15.0,8.0,6.0,12.0,9.0,9.0,14.0,15.0,3.0,8.0,13.0,6.0,12.0,9.0,14
2023-05-17,Hafta İçi,İlkbahar,İş Günü,May,Wednesday,14.0,9.0,2.0,6.0,10.0,7.0,11.0,7.0,15.0,8.0,6.0,12.0,9.0,9.0,14.0,15.0,3.0,8.0,13.0,6.0,12.0,13
2023-05-18,Hafta İçi,İlkbahar,İş Günü,May,Thursday,13.0,14.0,9.0,2.0,6.0,10.0,7.0,11.0,7.0,15.0,8.0,6.0,12.0,9.0,9.0,14.0,15.0,3.0,8.0,13.0,6.0,11
2023-05-19,Resmi Tatil,İlkbahar,Tatil Günü,May,Friday,11.0,13.0,14.0,9.0,2.0,6.0,10.0,7.0,11.0,7.0,15.0,8.0,6.0,12.0,9.0,9.0,14.0,15.0,3.0,8.0,13.0,3
2023-05-20,Hafta Sonu,İlkbahar,Tatil Günü,May,Saturday,3.0,11.0,13.0,14.0,9.0,2.0,6.0,10.0,7.0,11.0,7.0,15.0,8.0,6.0,12.0,9.0,9.0,14.0,15.0,3.0,8.0,10
2023-05-21,Hafta Sonu,İlkbahar,Tatil Günü,May,Sunday,10.0,3.0,11.0,13.0,14.0,9.0,2.0,6.0,10.0,7.0,11.0,7.0,15.0,8.0,6.0,12.0,9.0,9.0,14.0,15.0,3.0,3
2023-05-22,Hafta İçi,İlkbahar,İş Günü,May,Monday,3.0,10.0,3.0,11.0,13.0,14.0,9.0,2.0,6.0,10.0,7.0,11.0,7.0,15.0,8.0,6.0,12.0,9.0,9.0,14.0,15.0,12
2023-05-23,Hafta İçi,İlkbahar,İş Günü,May,Tuesday,12.0,3.0,10.0,3.0,11.0,13.0,14.0,9.0,2.0,6.0,10.0,7.0,11.0,7.0,15.0,8.0,6.0,12.0,9.0,9.0,14.0,7
2023-05-24,Hafta İçi,İlkbahar,İş Günü,May,Wednesday,7.0,12.0,3.0,10.0,3.0,11.0,13.0,14.0,9.0,2.0,6.0,10.0,7.0,11.0,7.0,15.0,8.0,6.0,12.0,9.0,9.0,11
2023-05-25,Hafta İçi,İlkbahar,İş Günü,May,Thursday,11.0,7.0,12.0,3.0,10.0,3.0,11.0,13.0,14.0,9.0,2.0,6.0,10.0,7.0,11.0,7.0,15.0,8.0,6.0,12.0,9.0,10
2023-05-26,Hafta İçi,İlkbahar,İş Günü,May,Friday,10.0,11.0,7.0,12.0,3.0,10.0,3.0,11.0,13.0,14.0,9.0,2.0,6.0,10.0,7.0,11.0,7.0,15.0,8.0,6.0,12.0,13
2023-05-27,Hafta Sonu,İlkbahar,Tatil Günü,May,Saturday,13.0,10.0,11.0,7.0,12.0,3.0,10.0,3.0,11.0,13.0,14.0,9.0,2.0,6.0,10.0,7.0,11.0,7.0,15.0,8.0,6.0,13
2023-05-29,Hafta İçi,İlkbahar,İş Günü,May,Monday,13.0,13.0,10.0,11.0,7.0,12.0,3.0,10.0,3.0,11.0,13.0,14.0,9.0,2.0,6.0,10.0,7.0,11.0,7.0,15.0,8.0,7
2023-05-30,Hafta İçi,İlkbahar,İş Günü,May,Tuesday,7.0,13.0,13.0,10.0,11.0,7.0,12.0,3.0,10.0,3.0,11.0,13.0,14.0,9.0,2.0,6.0,10.0,7.0,11.0,7.0,15.0,14
2023-05-31,Hafta İçi,İlkbahar,İş Günü,May,Wednesday,14.0,7.0,13.0,13.0,10.0,11.0,7.0,12.0,3.0,10.0,3.0,11.0,13.0,14.0,9.0,2.0,6.0,10.0,7.0,11.0,7.0,5
2023-06-01,Hafta İçi,Yaz,İş Günü,June,Thursday,5.0,14.0,7.0,13.0,13.0,10.0,11.0,7.0,12.0,3.0,10.0,3.0,11.0,13.0,14.0,9.0,2.0,6.0,10.0,7.0,11.0,7
2023-06-02,Hafta İçi,Yaz,İş Günü,June,Friday,7.0,5.0,14.0,7.0,13.0,13.0,10.0,11.0,7.0,12.0,3.0,10.0,3.0,11.0,13.0,14.0,9.0,2.0,6.0,10.0,7.0,10
2023-06-03,Hafta Sonu,Yaz,Tatil Günü,June,Saturday,10.0,7.0,5.0,14.0,7.0,13.0,13.0,10.0,11.0,7.0,12.0,3.0,10.0,3.0,11.0,13.0,14.0,9.0,2.0,6.0,10.0,5
2023-06-04,Hafta Sonu,Yaz,Tatil Günü,June,Sunday,5.0,10.0,7.0,5.0,14.0,7.0,13.0,13.0,10.0,11.0,7.0,12.0,3.0,10.0,3.0,11.0,13.0,14.0,9.0,2.0,6.0,3
2023-06-05,Hafta İçi,Yaz,İş Günü,June,Monday,3.0,5.0,10.0,7.0,5.0,14.0,7.0,13.0,13.0,10.0,11.0,7.0,12.0,3.0,10.0,3.0,11.0,13.0,14.0,9.0,2.0,16
2023-06-06,Hafta İçi,Yaz,İş Günü,June,Tuesday,16.0,3.0,5.0,10.0,7.0,5.0,14.0,7.0,13.0,13.0,10.0,11.0,7.0,12.0,3.0,10.0,3.0,11.0,13.0,14.0,9.0,13
2023-06-07,Hafta İçi,Yaz,İş Günü,June,Wednesday,13.0,16.0,3.0,5.0,10.0,7.0,5.0,14.0,7.0,13.0,13.0,10.0,11.0,7.0,12.0,3.0,10.0,3.0,11.0,13.0,14.0,8
2023-06-08,Hafta İçi,Yaz,İş Günü,June,Thursday,8.0,13.0,16.0,3.0,5.0,10.0,7.0,5.0,14.0,7.0,13.0,13.0,10.0,11.0,7.0,12.0,3.0,10.0,3.0,11.0,13.0,10
2023-06-09,Hafta İçi,Yaz,İş Günü,June,Friday,10.0,8.0,13.0,16.0,3.0,5.0,10.0,7.0,5.0,14.0,7.0,13.0,13.0,10.0,11.0,7.0,12.0,3.0,10.0,3.0,11.0,13
2023-06-10,Hafta Sonu,Yaz,Tatil Günü,June,Saturday,13.0,10.0,8.0,13.0,16.0,3.0,5.0,10.0,7.0,5.0,14.0,7.0,13.0,13.0,10.0,11.0,7.0,12.0,3.0,10.0,3.0,6
2023-06-11,Hafta Sonu,Yaz,Tatil Günü,June,Sunday,6.0,13.0,10.0,8.0,13.0,16.0,3.0,5.0,10.0,7.0,5.0,14.0,7.0,13.0,13.0,10.0,11.0,7.0,12.0,3.0,10.0,8
2023-06-12,Hafta İçi,Yaz,İş Günü,June,Monday,8.0,6.0,13.0,10.0,8.0,13.0,16.0,3.0,5.0,10.0,7.0,5.0,14.0,7.0,13.0,13.0,10.0,11.0,7.0,12.0,3.0,12
2023-06-13,Hafta İçi,Yaz,İş Günü,June,Tuesday,12.0,8.0,6.0,13.0,10.0,8.0,13.0,16.0,3.0,5.0,10.0,7.0,5.0,14.0,7.0,13.0,13.0,10.0,11.0,7.0,12.0,14
2023-06-14,Hafta İçi,Yaz,İş Günü,June,Wednesday,14.0,12.0,8.0,6.0,13.0,10.0,8.0,13.0,16.0,3.0,5.0,10.0,7.0,5.0,14.0,7.0,13.0,13.0,10.0,11.0,7.0,11
2023-06-15,Hafta İçi,Yaz,İş Günü,June,Thursday,11.0,14.0,12.0,8.0,6.0,13.0,10.0,8.0,13.0,16.0,3.0,5.0,10.0,7.0,5.0,14.0,7.0,13.0,13.0,10.0,11.0,9
2023-06-16,Hafta İçi,Yaz,İş Günü,June,Friday,9.0,11.0,14.0,12.0,8.0,6.0,13.0,10.0,8.0,13.0,16.0,3.0,5.0,10.0,7.0,5.0,14.0,7.0,13.0,13.0,10.0,14
2023-06-17,Hafta Sonu,Yaz,Tatil Günü,June,Saturday,14.0,9.0,11.0,14.0,12.0,8.0,6.0,13.0,10.0,8.0,13.0,16.0,3.0,5.0,10.0,7.0,5.0,14.0,7.0,13.0,13.0,3
2023-06-18,Hafta Sonu,Yaz,Tatil Günü,June,Sunday,3.0,14.0,9.0,11.0,14.0,12.0,8.0,6.0,13.0,10.0,8.0,13.0,16.0,3.0,5.0,10.0,7.0,5.0,14.0,7.0,13.0,6
2023-06-19,Hafta İçi,Yaz,İş Günü,June,Monday,6.0,3.0,14.0,9.0,11.0,14.0,12.0,8.0,6.0,13.0,10.0,8.0,13.0,16.0,3.0,5.0,10.0,7.0,5.0,14.0,7.0,13
2023-06-20,Hafta İçi,Yaz,İş Günü,June,Tuesday,13.0,6.0,3.0,14.0,9.0,11.0,14.0,12.0,8.0,6.0,13.0,10.0,8.0,13.0,16.0,3.0,5.0,10.0,7.0,5.0,14.0,10
2023-06-21,Hafta İçi,Yaz,İş Günü,June,Wednesday,10.0,13.0,6.0,3.0,14.0,9.0,11.0,14.0,12.0,8.0,6.0,13.0,10.0,8.0,13.0,16.0,3.0,5.0,10.0,7.0,5.0,14
2023-06-22,Hafta İçi,Yaz,İş Günü,June,Thursday,14.0,10.0,13.0,6.0,3.0,14.0,9.0,11.0,14.0,12.0,8.0,6.0,13.0,10.0,8.0,13.0,16.0,3.0,5.0,10.0,7.0,21
2023-06-23,Hafta İçi,Yaz,İş Günü,June,Friday,21.0,14.0,10.0,13.0,6.0,3.0,14.0,9.0,11.0,14.0,12.0,8.0,6.0,13.0,10.0,8.0,13.0,16.0,3.0,5.0,10.0,18
2023-06-24,Hafta Sonu,Yaz,Tatil Günü,June,Saturday,18.0,21.0,14.0,10.0,13.0,6.0,3.0,14.0,9.0,11.0,14.0,12.0,8.0,6.0,13.0,10.0,8.0,13.0,16.0,3.0,5.0,7
2023-06-25,Hafta Sonu,Yaz,Tatil Günü,June,Sunday,7.0,18.0,21.0,14.0,10.0,13.0,6.0,3.0,14.0,9.0,11.0,14.0,12.0,8.0,6.0,13.0,10.0,8.0,13.0,16.0,3.0,2
2023-06-26,Hafta İçi,Yaz,İş Günü,June,Monday,2.0,7.0,18.0,21.0,14.0,10.0,13.0,6.0,3.0,14.0,9.0,11.0,14.0,12.0,8.0,6.0,13.0,10.0,8.0,13.0,16.0,10
2023-06-27,Resmi Tatil,Yaz,Tatil Günü,June,Tuesday,10.0,2.0,7.0,18.0,21.0,14.0,10.0,13.0,6.0,3.0,14.0,9.0,11.0,14.0,12.0,8.0,6.0,13.0,10.0,8.0,13.0,4
2023-06-28,Resmi Tatil,Yaz,Tatil Günü,June,Wednesday,4.0,10.0,2.0,7.0,18.0,21.0,14.0,10.0,13.0,6.0,3.0,14.0,9.0,11.0,14.0,12.0,8.0,6.0,13.0,10.0,8.0,2
2023-06-29,Resmi Tatil,Yaz,Tatil Günü,June,Thursday,2.0,4.0,10.0,2.0,7.0,18.0,21.0,14.0,10.0,13.0,6.0,3.0,14.0,9.0,11.0,14.0,12.0,8.0,6.0,13.0,10.0,2
2023-07-01,Resmi Tatil,Yaz,Tatil Günü,July,Saturday,2.0,2.0,4.0,10.0,2.0,7.0,18.0,21.0,14.0,10.0,13.0,6.0,3.0,14.0,9.0,11.0,14.0,12.0,8.0,6.0,13.0,1
2023-07-02,Hafta Sonu,Yaz,Tatil Günü,July,Sunday,1.0,2.0,2.0,4.0,10.0,2.0,7.0,18.0,21.0,14.0,10.0,13.0,6.0,3.0,14.0,9.0,11.0,14.0,12.0,8.0,6.0,4
2023-07-03,Hafta İçi,Yaz,İş Günü,July,Monday,4.0,1.0,2.0,2.0,4.0,10.0,2.0,7.0,18.0,21.0,14.0,10.0,13.0,6.0,3.0,14.0,9.0,11.0,14.0,12.0,8.0,19
2023-07-04,Hafta İçi,Yaz,İş Günü,July,Tuesday,19.0,4.0,1.0,2.0,2.0,4.0,10.0,2.0,7.0,18.0,21.0,14.0,10.0,13.0,6.0,3.0,14.0,9.0,11.0,14.0,12.0,11
2023-07-05,Hafta İçi,Yaz,İş Günü,July,Wednesday,11.0,19.0,4.0,1.0,2.0,2.0,4.0,10.0,2.0,7.0,18.0,21.0,14.0,10.0,13.0,6.0,3.0,14.0,9.0,11.0,14.0,8
2023-07-06,Hafta İçi,Yaz,İş Günü,July,Thursday,8.0,11.0,19.0,4.0,1.0,2.0,2.0,4.0,10.0,2.0,7.0,18.0,21.0,14.0,10.0,13.0,6.0,3.0,14.0,9.0,11.0,8
2023-07-07,Hafta İçi,Yaz,İş Günü,July,Friday,8.0,8.0,11.0,19.0,4.0,1.0,2.0,2.0,4.0,10.0,2.0,7.0,18.0,21.0,14.0,10.0,13.0,6.0,3.0,14.0,9.0,20
2023-07-08,Hafta Sonu,Yaz,Tatil Günü,July,Saturday,20.0,8.0,8.0,11.0,19.0,4.0,1.0,2.0,2.0,4.0,10.0,2.0,7.0,18.0,21.0,14.0,10.0,13.0,6.0,3.0,14.0,16
2023-07-09,Hafta Sonu,Yaz,Tatil Günü,July,Sunday,16.0,20.0,8.0,8.0,11.0,19.0,4.0,1.0,2.0,2.0,4.0,10.0,2.0,7.0,18.0,21.0,14.0,10.0,13.0,6.0,3.0,3
2023-07-10,Hafta İçi,Yaz,İş Günü,July,Monday,3.0,16.0,20.0,8.0,8.0,11.0,19.0,4.0,1.0,2.0,2.0,4.0,10.0,2.0,7.0,18.0,21.0,14.0,10.0,13.0,6.0,13
2023-07-11,Hafta İçi,Yaz,İş Günü,July,Tuesday,13.0,3.0,16.0,20.0,8.0,8.0,11.0,19.0,4.0,1.0,2.0,2.0,4.0,10.0,2.0,7.0,18.0,21.0,14.0,10.0,13.0,12
2023-07-12,Hafta İçi,Yaz,İş Günü,July,Wednesday,12.0,13.0,3.0,16.0,20.0,8.0,8.0,11.0,19.0,4.0,1.0,2.0,2.0,4.0,10.0,2.0,7.0,18.0,21.0,14.0,10.0,12
2023-07-13,Hafta İçi,Yaz,İş Günü,July,Thursday,12.0,12.0,13.0,3.0,16.0,20.0,8.0,8.0,11.0,19.0,4.0,1.0,2.0,2.0,4.0,10.0,2.0,7.0,18.0,21.0,14.0,9
2023-07-14,Hafta İçi,Yaz,İş Günü,July,Friday,9.0,12.0,12.0,13.0,3.0,16.0,20.0,8.0,8.0,11.0,19.0,4.0,1.0,2.0,2.0,4.0,10.0,2.0,7.0,18.0,21.0,10
2023-07-15,Resmi Tatil,Yaz,Tatil Günü,July,Saturday,10.0,9.0,12.0,12.0,13.0,3.0,16.0,20.0,8.0,8.0,11.0,19.0,4.0,1.0,2.0,2.0,4.0,10.0,2.0,7.0,18.0,6
2023-07-16,Hafta Sonu,Yaz,Tatil Günü,July,Sunday,6.0,10.0,9.0,12.0,12.0,13.0,3.0,16.0,20.0,8.0,8.0,11.0,19.0,4.0,1.0,2.0,2.0,4.0,10.0,2.0,7.0,5
2023-07-17,Hafta İçi,Yaz,İş Günü,July,Monday,5.0,6.0,10.0,9.0,12.0,12.0,13.0,3.0,16.0,20.0,8.0,8.0,11.0,19.0,4.0,1.0,2.0,2.0,4.0,10.0,2.0,13
2023-07-18,Hafta İçi,Yaz,İş Günü,July,Tuesday,13.0,5.0,6.0,10.0,9.0,12.0,12.0,13.0,3.0,16.0,20.0,8.0,8.0,11.0,19.0,4.0,1.0,2.0,2.0,4.0,10.0,13
2023-07-19,Hafta İçi,Yaz,İş Günü,July,Wednesday,13.0,13.0,5.0,6.0,10.0,9.0,12.0,12.0,13.0,3.0,16.0,20.0,8.0,8.0,11.0,19.0,4.0,1.0,2.0,2.0,4.0,10
2023-07-20,Hafta İçi,Yaz,İş Günü,July,Thursday,10.0,13.0,13.0,5.0,6.0,10.0,9.0,12.0,12.0,13.0,3.0,16.0,20.0,8.0,8.0,11.0,19.0,4.0,1.0,2.0,2.0,8
2023-07-21,Hafta İçi,Yaz,İş Günü,July,Friday,8.0,10.0,13.0,13.0,5.0,6.0,10.0,9.0,12.0,12.0,13.0,3.0,16.0,20.0,8.0,8.0,11.0,19.0,4.0,1.0,2.0,12
2023-07-22,Hafta Sonu,Yaz,Tatil Günü,July,Saturday,12.0,8.0,10.0,13.0,13.0,5.0,6.0,10.0,9.0,12.0,12.0,13.0,3.0,16.0,20.0,8.0,8.0,11.0,19.0,4.0,1.0,8
2023-07-23,Hafta Sonu,Yaz,Tatil Günü,July,Sunday,8.0,12.0,8.0,10.0,13.0,13.0,5.0,6.0,10.0,9.0,12.0,12.0,13.0,3.0,16.0,20.0,8.0,8.0,11.0,19.0,4.0,3
2023-07-24,Hafta İçi,Yaz,İş Günü,July,Monday,3.0,8.0,12.0,8.0,10.0,13.0,13.0,5.0,6.0,10.0,9.0,12.0,12.0,13.0,3.0,16.0,20.0,8.0,8.0,11.0,19.0,17
2023-07-25,Hafta İçi,Yaz,İş Günü,July,Tuesday,17.0,3.0,8.0,12.0,8.0,10.0,13.0,13.0,5.0,6.0,10.0,9.0,12.0,12.0,13.0,3.0,16.0,20.0,8.0,8.0,11.0,10
2023-07-26,Hafta İçi,Yaz,İş Günü,July,Wednesday,10.0,17.0,3.0,8.0,12.0,8.0,10.0,13.0,13.0,5.0,6.0,10.0,9.0,12.0,12.0,13.0,3.0,16.0,20.0,8.0,8.0,9
2023-07-27,Hafta İçi,Yaz,İş Günü,July,Thursday,9.0,10.0,17.0,3.0,8.0,12.0,8.0,10.0,13.0,13.0,5.0,6.0,10.0,9.0,12.0,12.0,13.0,3.0,16.0,20.0,8.0,8
2023-07-28,Hafta İçi,Yaz,İş Günü,July,Friday,8.0,9.0,10.0,17.0,3.0,8.0,12.0,8.0,10.0,13.0,13.0,5.0,6.0,10.0,9.0,12.0,12.0,13.0,3.0,16.0,20.0,14
2023-07-29,Hafta Sonu,Yaz,Tatil Günü,July,Saturday,14.0,8.0,9.0,10.0,17.0,3.0,8.0,12.0,8.0,10.0,13.0,13.0,5.0,6.0,10.0,9.0,12.0,12.0,13.0,3.0,16.0,11
2023-07-30,Hafta Sonu,Yaz,Tatil Günü,July,Sunday,11.0,14.0,8.0,9.0,10.0,17.0,3.0,8.0,12.0,8.0,10.0,13.0,13.0,5.0,6.0,10.0,9.0,12.0,12.0,13.0,3.0,4
2023-07-31,Hafta İçi,Yaz,İş Günü,July,Monday,4.0,11.0,14.0,8.0,9.0,10.0,17.0,3.0,8.0,12.0,8.0,10.0,13.0,13.0,5.0,6.0,10.0,9.0,12.0,12.0,13.0,22
2023-08-01,Hafta İçi,Yaz,İş Günü,August,Tuesday,22.0,4.0,11.0,14.0,8.0,9.0,10.0,17.0,3.0,8.0,12.0,8.0,10.0,13.0,13.0,5.0,6.0,10.0,9.0,12.0,12.0,17
2023-08-02,Hafta İçi,Yaz,İş Günü,August,Wednesday,17.0,22.0,4.0,11.0,14.0,8.0,9.0,10.0,17.0,3.0,8.0,12.0,8.0,10.0,13.0,13.0,5.0,6.0,10.0,9.0,12.0,12
2023-08-03,Hafta İçi,Yaz,İş Günü,August,Thursday,12.0,17.0,22.0,4.0,11.0,14.0,8.0,9.0,10.0,17.0,3.0,8.0,12.0,8.0,10.0,13.0,13.0,5.0,6.0,10.0,9.0,9
2023-08-04,Hafta İçi,Yaz,İş Günü,August,Friday,9.0,12.0,17.0,22.0,4.0,11.0,14.0,8.0,9.0,10.0,17.0,3.0,8.0,12.0,8.0,10.0,13.0,13.0,5.0,6.0,10.0,7
2023-08-05,Hafta Sonu,Yaz,Tatil Günü,August,Saturday,7.0,9.0,12.0,17.0,22.0,4.0,11.0,14.0,8.0,9.0,10.0,17.0,3.0,8.0,12.0,8.0,10.0,13.0,13.0,5.0,6.0,6
2023-08-06,Hafta Sonu,Yaz,Tatil Günü,August,Sunday,6.0,7.0,9.0,12.0,17.0,22.0,4.0,11.0,14.0,8.0,9.0,10.0,17.0,3.0,8.0,12.0,8.0,10.0,13.0,13.0,5.0,3
2023-08-07,Hafta İçi,Yaz,İş Günü,August,Monday,3.0,6.0,7.0,9.0,12.0,17.0,22.0,4.0,11.0,14.0,8.0,9.0,10.0,17.0,3.0,8.0,12.0,8.0,10.0,13.0,13.0,14
2023-08-08,Hafta İçi,Yaz,İş Günü,August,Tuesday,14.0,3.0,6.0,7.0,9.0,12.0,17.0,22.0,4.0,11.0,14.0,8.0,9.0,10.0,17.0,3.0,8.0,12.0,8.0,10.0,13.0,8
2023-08-09,Hafta İçi,Yaz,İş Günü,August,Wednesday,8.0,14.0,3.0,6.0,7.0,9.0,12.0,17.0,22.0,4.0,11.0,14.0,8.0,9.0,10.0,17.0,3.0,8.0,12.0,8.0,10.0,7
2023-08-10,Hafta İçi,Yaz,İş Günü,August,Thursday,7.0,8.0,14.0,3.0,6.0,7.0,9.0,12.0,17.0,22.0,4.0,11.0,14.0,8.0,9.0,10.0,17.0,3.0,8.0,12.0,8.0,3
2023-08-11,Hafta İçi,Yaz,İş Günü,August,Friday,3.0,7.0,8.0,14.0,3.0,6.0,7.0,9.0,12.0,17.0,22.0,4.0,11.0,14.0,8.0,9.0,10.0,17.0,3.0,8.0,12.0,8
2023-08-12,Hafta Sonu,Yaz,Tatil Günü,August,Saturday,8.0,3.0,7.0,8.0,14.0,3.0,6.0,7.0,9.0,12.0,17.0,22.0,4.0,11.0,14.0,8.0,9.0,10.0,17.0,3.0,8.0,6
2023-08-13,Hafta Sonu,Yaz,Tatil Günü,August,Sunday,6.0,8.0,3.0,7.0,8.0,14.0,3.0,6.0,7.0,9.0,12.0,17.0,22.0,4.0,11.0,14.0,8.0,9.0,10.0,17.0,3.0,3
2023-08-14,Hafta İçi,Yaz,İş Günü,August,Monday,3.0,6.0,8.0,3.0,7.0,8.0,14.0,3.0,6.0,7.0,9.0,12.0,17.0,22.0,4.0,11.0,14.0,8.0,9.0,10.0,17.0,13
2023-08-15,Hafta İçi,Yaz,İş Günü,August,Tuesday,13.0,3.0,6.0,8.0,3.0,7.0,8.0,14.0,3.0,6.0,7.0,9.0,12.0,17.0,22.0,4.0,11.0,14.0,8.0,9.0,10.0,11
2023-08-16,Hafta İçi,Yaz,İş Günü,August,Wednesday,11.0,13.0,3.0,6.0,8.0,3.0,7.0,8.0,14.0,3.0,6.0,7.0,9.0,12.0,17.0,22.0,4.0,11.0,14.0,8.0,9.0,5
2023-08-17,Hafta İçi,Yaz,İş Günü,August,Thursday,5.0,11.0,13.0,3.0,6.0,8.0,3.0,7.0,8.0,14.0,3.0,6.0,7.0,9.0,12.0,17.0,22.0,4.0,11.0,14.0,8.0,5
2023-08-18,Hafta İçi,Yaz,İş Günü,August,Friday,5.0,5.0,11.0,13.0,3.0,6.0,8.0,3.0,7.0,8.0,14.0,3.0,6.0,7.0,9.0,12.0,17.0,22.0,4.0,11.0,14.0,7
2023-08-19,Hafta Sonu,Yaz,Tatil Günü,August,Saturday,7.0,5.0,5.0,11.0,13.0,3.0,6.0,8.0,3.0,7.0,8.0,14.0,3.0,6.0,7.0,9.0,12.0,17.0,22.0,4.0,11.0,3
2023-08-20,Hafta Sonu,Yaz,Tatil Günü,August,Sunday,3.0,7.0,5.0,5.0,11.0,13.0,3.0,6.0,8.0,3.0,7.0,8.0,14.0,3.0,6.0,7.0,9.0,12.0,17.0,22.0,4.0,1
2023-08-21,Hafta İçi,Yaz,İş Günü,August,Monday,1.0,3.0,7.0,5.0,5.0,11.0,13.0,3.0,6.0,8.0,3.0,7.0,8.0,14.0,3.0,6.0,7.0,9.0,12.0,17.0,22.0,13
2023-08-22,Hafta İçi,Yaz,İş Günü,August,Tuesday,13.0,1.0,3.0,7.0,5.0,5.0,11.0,13.0,3.0,6.0,8.0,3.0,7.0,8.0,14.0,3.0,6.0,7.0,9.0,12.0,17.0,14
2023-08-23,Hafta İçi,Yaz,İş Günü,August,Wednesday,14.0,13.0,1.0,3.0,7.0,5.0,5.0,11.0,13.0,3.0,6.0,8.0,3.0,7.0,8.0,14.0,3.0,6.0,7.0,9.0,12.0,10
2023-08-24,Hafta İçi,Yaz,İş Günü,August,Thursday,10.0,14.0,13.0,1.0,3.0,7.0,5.0,5.0,11.0,13.0,3.0,6.0,8.0,3.0,7.0,8.0,14.0,3.0,6.0,7.0,9.0,14
2023-08-25,Hafta İçi,Yaz,İş Günü,August,Friday,14.0,10.0,14.0,13.0,1.0,3.0,7.0,5.0,5.0,11.0,13.0,3.0,6.0,8.0,3.0,7.0,8.0,14.0,3.0,6.0,7.0,12
2023-08-26,Hafta Sonu,Yaz,Tatil Günü,August,Saturday,12.0,14.0,10.0,14.0,13.0,1.0,3.0,7.0,5.0,5.0,11.0,13.0,3.0,6.0,8.0,3.0,7.0,8.0,14.0,3.0,6.0,10
2023-08-27,Hafta Sonu,Yaz,Tatil Günü,August,Sunday,10.0,12.0,14.0,10.0,14.0,13.0,1.0,3.0,7.0,5.0,5.0,11.0,13.0,3.0,6.0,8.0,3.0,7.0,8.0,14.0,3.0,8
2023-08-28,Hafta İçi,Yaz,İş Günü,August,Monday,8.0,10.0,12.0,14.0,10.0,14.0,13.0,1.0,3.0,7.0,5.0,5.0,11.0,13.0,3.0,6.0,8.0,3.0,7.0,8.0,14.0,8
2023-08-29,Hafta İçi,Yaz,İş Günü,August,Tuesday,8.0,8.0,10.0,12.0,14.0,10.0,14.0,13.0,1.0,3.0,7.0,5.0,5.0,11.0,13.0,3.0,6.0,8.0,3.0,7.0,8.0,4
2023-08-30,Resmi Tatil,Yaz,Tatil Günü,August,Wednesday,4.0,8.0,8.0,10.0,12.0,14.0,10.0,14.0,13.0,1.0,3.0,7.0,5.0,5.0,11.0,13.0,3.0,6.0,8.0,3.0,7.0,2
2023-08-31,Hafta İçi,Yaz,İş Günü,August,Thursday,2.0,4.0,8.0,8.0,10.0,12.0,14.0,10.0,14.0,13.0,1.0,3.0,7.0,5.0,5.0,11.0,13.0,3.0,6.0,8.0,3.0,11
2023-09-01,Hafta İçi,Sonbahar,İş Günü,September,Friday,11.0,2.0,4.0,8.0,8.0,10.0,12.0,14.0,10.0,14.0,13.0,1.0,3.0,7.0,5.0,5.0,11.0,13.0,3.0,6.0,8.0,6
2023-09-02,Hafta Sonu,Sonbahar,Tatil Günü,September,Saturday,6.0,11.0,2.0,4.0,8.0,8.0,10.0,12.0,14.0,10.0,14.0,13.0,1.0,3.0,7.0,5.0,5.0,11.0,13.0,3.0,6.0,9
2023-09-04,Hafta İçi,Sonbahar,İş Günü,September,Monday,9.0,6.0,11.0,2.0,4.0,8.0,8.0,10.0,12.0,14.0,10.0,14.0,13.0,1.0,3.0,7.0,5.0,5.0,11.0,13.0,3.0,9
2023-09-05,Hafta İçi,Sonbahar,İş Günü,September,Tuesday,9.0,9.0,6.0,11.0,2.0,4.0,8.0,8.0,10.0,12.0,14.0,10.0,14.0,13.0,1.0,3.0,7.0,5.0,5.0,11.0,13.0,4
2023-09-06,Hafta İçi,Sonbahar,İş Günü,September,Wednesday,4.0,9.0,9.0,6.0,11.0,2.0,4.0,8.0,8.0,10.0,12.0,14.0,10.0,14.0,13.0,1.0,3.0,7.0,5.0,5.0,11.0,7
2023-09-07,Hafta İçi,Sonbahar,İş Günü,September,Thursday,7.0,4.0,9.0,9.0,6.0,11.0,2.0,4.0,8.0,8.0,10.0,12.0,14.0,10.0,14.0,13.0,1.0,3.0,7.0,5.0,5.0,11
2023-09-08,Hafta İçi,Sonbahar,İş Günü,September,Friday,11.0,7.0,4.0,9.0,9.0,6.0,11.0,2.0,4.0,8.0,8.0,10.0,12.0,14.0,10.0,14.0,13.0,1.0,3.0,7.0,5.0,10
2023-09-09,Hafta Sonu,Sonbahar,Tatil Günü,September,Saturday,10.0,11.0,7.0,4.0,9.0,9.0,6.0,11.0,2.0,4.0,8.0,8.0,10.0,12.0,14.0,10.0,14.0,13.0,1.0,3.0,7.0,3
2023-09-10,Hafta Sonu,Sonbahar,Tatil Günü,September,Sunday,3.0,10.0,11.0,7.0,4.0,9.0,9.0,6.0,11.0,2.0,4.0,8.0,8.0,10.0,12.0,14.0,10.0,14.0,13.0,1.0,3.0,4
2023-09-11,Hafta İçi,Sonbahar,İş Günü,September,Monday,4.0,3.0,10.0,11.0,7.0,4.0,9.0,9.0,6.0,11.0,2.0,4.0,8.0,8.0,10.0,12.0,14.0,10.0,14.0,13.0,1.0,6
2023-09-12,Hafta İçi,Sonbahar,İş Günü,September,Tuesday,6.0,4.0,3.0,10.0,11.0,7.0,4.0,9.0,9.0,6.0,11.0,2.0,4.0,8.0,8.0,10.0,12.0,14.0,10.0,14.0,13.0,10
2023-09-13,Hafta İçi,Sonbahar,İş Günü,September,Wednesday,10.0,6.0,4.0,3.0,10.0,11.0,7.0,4.0,9.0,9.0,6.0,11.0,2.0,4.0,8.0,8.0,10.0,12.0,14.0,10.0,14.0,5
2023-09-14,Hafta İçi,Sonbahar,İş Günü,September,Thursday,5.0,10.0,6.0,4.0,3.0,10.0,11.0,7.0,4.0,9.0,9.0,6.0,11.0,2.0,4.0,8.0,8.0,10.0,12.0,14.0,10.0,8
2023-09-15,Hafta İçi,Sonbahar,İş Günü,September,Friday,8.0,5.0,10.0,6.0,4.0,3.0,10.0,11.0,7.0,4.0,9.0,9.0,6.0,11.0,2.0,4.0,8.0,8.0,10.0,12.0,14.0,3
2023-09-16,Hafta Sonu,Sonbahar,Tatil Günü,September,Saturday,3.0,8.0,5.0,10.0,6.0,4.0,3.0,10.0,11.0,7.0,4.0,9.0,9.0,6.0,11.0,2.0,4.0,8.0,8.0,10.0,12.0,5
2023-09-17,Hafta Sonu,Sonbahar,Tatil Günü,September,Sunday,5.0,3.0,8.0,5.0,10.0,6.0,4.0,3.0,10.0,11.0,7.0,4.0,9.0,9.0,6.0,11.0,2.0,4.0,8.0,8.0,10.0,5
2023-09-18,Hafta İçi,Sonbahar,İş Günü,September,Monday,5.0,5.0,3.0,8.0,5.0,10.0,6.0,4.0,3.0,10.0,11.0,7.0,4.0,9.0,9.0,6.0,11.0,2.0,4.0,8.0,8.0,10
2023-09-19,Hafta İçi,Sonbahar,İş Günü,September,Tuesday,10.0,5.0,5.0,3.0,8.0,5.0,10.0,6.0,4.0,3.0,10.0,11.0,7.0,4.0,9.0,9.0,6.0,11.0,2.0,4.0,8.0,5
2023-09-20,Hafta İçi,Sonbahar,İş Günü,September,Wednesday,5.0,10.0,5.0,5.0,3.0,8.0,5.0,10.0,6.0,4.0,3.0,10.0,11.0,7.0,4.0,9.0,9.0,6.0,11.0,2.0,4.0,8
2023-09-21,Hafta İçi,Sonbahar,İş Günü,September,Thursday,8.0,5.0,10.0,5.0,5.0,3.0,8.0,5.0,10.0,6.0,4.0,3.0,10.0,11.0,7.0,4.0,9.0,9.0,6.0,11.0,2.0,14
2023-09-22,Hafta İçi,Sonbahar,İş Günü,September,Friday,14.0,8.0,5.0,10.0,5.0,5.0,3.0,8.0,5.0,10.0,6.0,4.0,3.0,10.0,11.0,7.0,4.0,9.0,9.0,6.0,11.0,6
2023-09-23,Hafta Sonu,Sonbahar,Tatil Günü,September,Saturday,6.0,14.0,8.0,5.0,10.0,5.0,5.0,3.0,8.0,5.0,10.0,6.0,4.0,3.0,10.0,11.0,7.0,4.0,9.0,9.0,6.0,6
2023-09-24,Hafta Sonu,Sonbahar,Tatil Günü,September,Sunday,6.0,6.0,14.0,8.0,5.0,10.0,5.0,5.0,3.0,8.0,5.0,10.0,6.0,4.0,3.0,10.0,11.0,7.0,4.0,9.0,9.0,3
2023-09-25,Hafta İçi,Sonbahar,İş Günü,September,Monday,3.0,6.0,6.0,14.0,8.0,5.0,10.0,5.0,5.0,3.0,8.0,5.0,10.0,6.0,4.0,3.0,10.0,11.0,7.0,4.0,9.0,10
2023-09-26,Hafta İçi,Sonbahar,İş Günü,September,Tuesday,10.0,3.0,6.0,6.0,14.0,8.0,5.0,10.0,5.0,5.0,3.0,8.0,5.0,10.0,6.0,4.0,3.0,10.0,11.0,7.0,4.0,6
2023-09-27,Hafta İçi,Sonbahar,İş Günü,September,Wednesday,6.0,10.0,3.0,6.0,6.0,14.0,8.0,5.0,10.0,5.0,5.0,3.0,8.0,5.0,10.0,6.0,4.0,3.0,10.0,11.0,7.0,7
2023-09-28,Hafta İçi,Sonbahar,İş Günü,September,Thursday,7.0,6.0,10.0,3.0,6.0,6.0,14.0,8.0,5.0,10.0,5.0,5.0,3.0,8.0,5.0,10.0,6.0,4.0,3.0,10.0,11.0,8
2023-09-29,Hafta İçi,Sonbahar,İş Günü,September,Friday,8.0,7.0,6.0,10.0,3.0,6.0,6.0,14.0,8.0,5.0,10.0,5.0,5.0,3.0,8.0,5.0,10.0,6.0,4.0,3.0,10.0,9
2023-09-30,Hafta Sonu,Sonbahar,Tatil Günü,September,Saturday,9.0,8.0,7.0,6.0,10.0,3.0,6.0,6.0,14.0,8.0,5.0,10.0,5.0,5.0,3.0,8.0,5.0,10.0,6.0,4.0,3.0,6
2023-10-01,Hafta Sonu,Sonbahar,Tatil Günü,October,Sunday,6.0,9.0,8.0,7.0,6.0,10.0,3.0,6.0,6.0,14.0,8.0,5.0,10.0,5.0,5.0,3.0,8.0,5.0,10.0,6.0,4.0,1
2023-10-02,Hafta İçi,Sonbahar,İş Günü,October,Monday,1.0,6.0,9.0,8.0,7.0,6.0,10.0,3.0,6.0,6.0,14.0,8.0,5.0,10.0,5.0,5.0,3.0,8.0,5.0,10.0,6.0,5
2023-10-03,Hafta İçi,Sonbahar,İş Günü,October,Tuesday,5.0,1.0,6.0,9.0,8.0,7.0,6.0,10.0,3.0,6.0,6.0,14.0,8.0,5.0,10.0,5.0,5.0,3.0,8.0,5.0,10.0,11
2023-10-04,Hafta İçi,Sonbahar,İş Günü,October,Wednesday,11.0,5.0,1.0,6.0,9.0,8.0,7.0,6.0,10.0,3.0,6.0,6.0,14.0,8.0,5.0,10.0,5.0,5.0,3.0,8.0,5.0,7
2023-10-05,Hafta İçi,Sonbahar,İş Günü,October,Thursday,7.0,11.0,5.0,1.0,6.0,9.0,8.0,7.0,6.0,10.0,3.0,6.0,6.0,14.0,8.0,5.0,10.0,5.0,5.0,3.0,8.0,7
2023-10-06,Hafta İçi,Sonbahar,İş Günü,October,Friday,7.0,7.0,11.0,5.0,1.0,6.0,9.0,8.0,7.0,6.0,10.0,3.0,6.0,6.0,14.0,8.0,5.0,10.0,5.0,5.0,3.0,11
2023-10-07,Hafta Sonu,Sonbahar,Tatil Günü,October,Saturday,11.0,7.0,7.0,11.0,5.0,1.0,6.0,9.0,8.0,7.0,6.0,10.0,3.0,6.0,6.0,14.0,8.0,5.0,10.0,5.0,5.0,6
2023-10-09,Hafta İçi,Sonbahar,İş Günü,October,Monday,6.0,11.0,7.0,7.0,11.0,5.0,1.0,6.0,9.0,8.0,7.0,6.0,10.0,3.0,6.0,6.0,14.0,8.0,5.0,10.0,5.0,3
2023-10-10,Hafta İçi,Sonbahar,İş Günü,October,Tuesday,3.0,6.0,11.0,7.0,7.0,11.0,5.0,1.0,6.0,9.0,8.0,7.0,6.0,10.0,3.0,6.0,6.0,14.0,8.0,5.0,10.0,14
2023-10-11,Hafta İçi,Sonbahar,İş Günü,October,Wednesday,14.0,3.0,6.0,11.0,7.0,7.0,11.0,5.0,1.0,6.0,9.0,8.0,7.0,6.0,10.0,3.0,6.0,6.0,14.0,8.0,5.0,13
2023-10-12,Hafta İçi,Sonbahar,İş Günü,October,Thursday,13.0,14.0,3.0,6.0,11.0,7.0,7.0,11.0,5.0,1.0,6.0,9.0,8.0,7.0,6.0,10.0,3.0,6.0,6.0,14.0,8.0,7
2023-10-13,Hafta İçi,Sonbahar,İş Günü,October,Friday,7.0,13.0,14.0,3.0,6.0,11.0,7.0,7.0,11.0,5.0,1.0,6.0,9.0,8.0,7.0,6.0,10.0,3.0,6.0,6.0,14.0,11
2023-10-14,Hafta Sonu,Sonbahar,Tatil Günü,October,Saturday,11.0,7.0,13.0,14.0,3.0,6.0,11.0,7.0,7.0,11.0,5.0,1.0,6.0,9.0,8.0,7.0,6.0,10.0,3.0,6.0,6.0,7
2023-10-15,Hafta Sonu,Sonbahar,Tatil Günü,October,Sunday,7.0,11.0,7.0,13.0,14.0,3.0,6.0,11.0,7.0,7.0,11.0,5.0,1.0,6.0,9.0,8.0,7.0,6.0,10.0,3.0,6.0,2
2023-10-16,Hafta İçi,Sonbahar,İş Günü,October,Monday,2.0,7.0,11.0,7.0,13.0,14.0,3.0,6.0,11.0,7.0,7.0,11.0,5.0,1.0,6.0,9.0,8.0,7.0,6.0,10.0,3.0,9
2023-10-17,Hafta İçi,Sonbahar,İş Günü,October,Tuesday,9.0,2.0,7.0,11.0,7.0,13.0,14.0,3.0,6.0,11.0,7.0,7.0,11.0,5.0,1.0,6.0,9.0,8.0,7.0,6.0,10.0,12
2023-10-18,Hafta İçi,Sonbahar,İş Günü,October,Wednesday,12.0,9.0,2.0,7.0,11.0,7.0,13.0,14.0,3.0,6.0,11.0,7.0,7.0,11.0,5.0,1.0,6.0,9.0,8.0,7.0,6.0,18
2023-10-19,Hafta İçi,Sonbahar,İş Günü,October,Thursday,18.0,12.0,9.0,2.0,7.0,11.0,7.0,13.0,14.0,3.0,6.0,11.0,7.0,7.0,11.0,5.0,1.0,6.0,9.0,8.0,7.0,4
2023-10-20,Hafta İçi,Sonbahar,İş Günü,October,Friday,4.0,18.0,12.0,9.0,2.0,7.0,11.0,7.0,13.0,14.0,3.0,6.0,11.0,7.0,7.0,11.0,5.0,1.0,6.0,9.0,8.0,8
2023-10-21,Hafta Sonu,Sonbahar,Tatil Günü,October,Saturday,8.0,4.0,18.0,12.0,9.0,2.0,7.0,11.0,7.0,13.0,14.0,3.0,6.0,11.0,7.0,7.0,11.0,5.0,1.0,6.0,9.0,7
2023-10-22,Hafta Sonu,Sonbahar,Tatil Günü,October,Sunday,7.0,8.0,4.0,18.0,12.0,9.0,2.0,7.0,11.0,7.0,13.0,14.0,3.0,6.0,11.0,7.0,7.0,11.0,5.0,1.0,6.0,5
2023-10-23,Hafta İçi,Sonbahar,İş Günü,October,Monday,5.0,7.0,8.0,4.0,18.0,12.0,9.0,2.0,7.0,11.0,7.0,13.0,14.0,3.0,6.0,11.0,7.0,7.0,11.0,5.0,1.0,18
2023-10-24,Hafta İçi,Sonbahar,İş Günü,October,Tuesday,18.0,5.0,7.0,8.0,4.0,18.0,12.0,9.0,2.0,7.0,11.0,7.0,13.0,14.0,3.0,6.0,11.0,7.0,7.0,11.0,5.0,11
2023-10-25,Hafta İçi,Sonbahar,İş Günü,October,Wednesday,11.0,18.0,5.0,7.0,8.0,4.0,18.0,12.0,9.0,2.0,7.0,11.0,7.0,13.0,14.0,3.0,6.0,11.0,7.0,7.0,11.0,3
2023-10-26,Hafta İçi,Sonbahar,İş Günü,October,Thursday,3.0,11.0,18.0,5.0,7.0,8.0,4.0,18.0,12.0,9.0,2.0,7.0,11.0,7.0,13.0,14.0,3.0,6.0,11.0,7.0,7.0,8
2023-10-27,Hafta İçi,Sonbahar,İş Günü,October,Friday,8.0,3.0,11.0,18.0,5.0,7.0,8.0,4.0,18.0,12.0,9.0,2.0,7.0,11.0,7.0,13.0,14.0,3.0,6.0,11.0,7.0,11
2023-10-28,Resmi Tatil,Sonbahar,Tatil Günü,October,Saturday,11.0,8.0,3.0,11.0,18.0,5.0,7.0,8.0,4.0,18.0,12.0,9.0,2.0,7.0,11.0,7.0,13.0,14.0,3.0,6.0,11.0,3
2023-10-29,Resmi Tatil,Sonbahar,Tatil Günü,October,Sunday,3.0,11.0,8.0,3.0,11.0,18.0,5.0,7.0,8.0,4.0,18.0,12.0,9.0,2.0,7.0,11.0,7.0,13.0,14.0,3.0,6.0,3
2023-10-30,Hafta İçi,Sonbahar,İş Günü,October,Monday,3.0,3.0,11.0,8.0,3.0,11.0,18.0,5.0,7.0,8.0,4.0,18.0,12.0,9.0,2.0,7.0,11.0,7.0,13.0,14.0,3.0,4
2023-10-31,Hafta İçi,Sonbahar,İş Günü,October,Tuesday,4.0,3.0,3.0,11.0,8.0,3.0,11.0,18.0,5.0,7.0,8.0,4.0,18.0,12.0,9.0,2.0,7.0,11.0,7.0,13.0,14.0,4
2023-11-01,Hafta İçi,Sonbahar,İş Günü,November,Wednesday,4.0,4.0,3.0,3.0,11.0,8.0,3.0,11.0,18.0,5.0,7.0,8.0,4.0,18.0,12.0,9.0,2.0,7.0,11.0,7.0,13.0,16
2023-11-02,Hafta İçi,Sonbahar,İş Günü,November,Thursday,16.0,4.0,4.0,3.0,3.0,11.0,8.0,3.0,11.0,18.0,5.0,7.0,8.0,4.0,18.0,12.0,9.0,2.0,7.0,11.0,7.0,10
2023-11-03,Hafta İçi,Sonbahar,İş Günü,November,Friday,10.0,16.0,4.0,4.0,3.0,3.0,11.0,8.0,3.0,11.0,18.0,5.0,7.0,8.0,4.0,18.0,12.0,9.0,2.0,7.0,11.0,5
2023-11-04,Hafta Sonu,Sonbahar,Tatil Günü,November,Saturday,5.0,10.0,16.0,4.0,4.0,3.0,3.0,11.0,8.0,3.0,11.0,18.0,5.0,7.0,8.0,4.0,18.0,12.0,9.0,2.0,7.0,8
2023-11-05,Hafta Sonu,Sonbahar,Tatil Günü,November,Sunday,8.0,5.0,10.0,16.0,4.0,4.0,3.0,3.0,11.0,8.0,3.0,11.0,18.0,5.0,7.0,8.0,4.0,18.0,12.0,9.0,2.0,6
2023-11-06,Hafta İçi,Sonbahar,İş Günü,November,Monday,6.0,8.0,5.0,10.0,16.0,4.0,4.0,3.0,3.0,11.0,8.0,3.0,11.0,18.0,5.0,7.0,8.0,4.0,18.0,12.0,9.0,14
2023-11-07,Hafta İçi,Sonbahar,İş Günü,November,Tuesday,14.0,6.0,8.0,5.0,10.0,16.0,4.0,4.0,3.0,3.0,11.0,8.0,3.0,11.0,18.0,5.0,7.0,8.0,4.0,18.0,12.0,14
2023-11-08,Hafta İçi,Sonbahar,İş Günü,November,Wednesday,14.0,14.0,6.0,8.0,5.0,10.0,16.0,4.0,4.0,3.0,3.0,11.0,8.0,3.0,11.0,18.0,5.0,7.0,8.0,4.0,18.0,8
2023-11-09,Hafta İçi,Sonbahar,İş Günü,November,Thursday,8.0,14.0,14.0,6.0,8.0,5.0,10.0,16.0,4.0,4.0,3.0,3.0,11.0,8.0,3.0,11.0,18.0,5.0,7.0,8.0,4.0,10
2023-11-10,Hafta İçi,Sonbahar,İş Günü,November,Friday,10.0,8.0,14.0,14.0,6.0,8.0,5.0,10.0,16.0,4.0,4.0,3.0,3.0,11.0,8.0,3.0,11.0,18.0,5.0,7.0,8.0,10
2023-11-11,Hafta Sonu,Sonbahar,Tatil Günü,November,Saturday,10.0,10.0,8.0,14.0,14.0,6.0,8.0,5.0,10.0,16.0,4.0,4.0,3.0,3.0,11.0,8.0,3.0,11.0,18.0,5.0,7.0,5
2023-11-13,Hafta İçi,Sonbahar,İş Günü,November,Monday,5.0,10.0,10.0,8.0,14.0,14.0,6.0,8.0,5.0,10.0,16.0,4.0,4.0,3.0,3.0,11.0,8.0,3.0,11.0,18.0,5.0,10
2023-11-14,Hafta İçi,Sonbahar,İş Günü,November,Tuesday,10.0,5.0,10.0,10.0,8.0,14.0,14.0,6.0,8.0,5.0,10.0,16.0,4.0,4.0,3.0,3.0,11.0,8.0,3.0,11.0,18.0,8
2023-11-15,Hafta İçi,Sonbahar,İş Günü,November,Wednesday,8.0,10.0,5.0,10.0,10.0,8.0,14.0,14.0,6.0,8.0,5.0,10.0,16.0,4.0,4.0,3.0,3.0,11.0,8.0,3.0,11.0,4
2023-11-16,Hafta İçi,Sonbahar,İş Günü,November,Thursday,4.0,8.0,10.0,5.0,10.0,10.0,8.0,14.0,14.0,6.0,8.0,5.0,10.0,16.0,4.0,4.0,3.0,3.0,11.0,8.0,3.0,8
2023-11-17,Hafta İçi,Sonbahar,İş Günü,November,Friday,8.0,4.0,8.0,10.0,5.0,10.0,10.0,8.0,14.0,14.0,6.0,8.0,5.0,10.0,16.0,4.0,4.0,3.0,3.0,11.0,8.0,13
2023-11-18,Hafta Sonu,Sonbahar,Tatil Günü,November,Saturday,13.0,8.0,4.0,8.0,10.0,5.0,10.0,10.0,8.0,14.0,14.0,6.0,8.0,5.0,10.0,16.0,4.0,4.0,3.0,3.0,11.0,5
2023-11-19,Hafta Sonu,Sonbahar,Tatil Günü,November,Sunday,5.0,13.0,8.0,4.0,8.0,10.0,5.0,10.0,10.0,8.0,14.0,14.0,6.0,8.0,5.0,10.0,16.0,4.0,4.0,3.0,3.0,1
2023-11-20,Hafta İçi,Sonbahar,İş Günü,November,Monday,1.0,5.0,13.0,8.0,4.0,8.0,10.0,5.0,10.0,10.0,8.0,14.0,14.0,6.0,8.0,5.0,10.0,16.0,4.0,4.0,3.0,7
2023-11-21,Hafta İçi,Sonbahar,İş Günü,November,Tuesday,7.0,1.0,5.0,13.0,8.0,4.0,8.0,10.0,5.0,10.0,10.0,8.0,14.0,14.0,6.0,8.0,5.0,10.0,16.0,4.0,4.0,10
2023-11-22,Hafta İçi,Sonbahar,İş Günü,November,Wednesday,10.0,7.0,1.0,5.0,13.0,8.0,4.0,8.0,10.0,5.0,10.0,10.0,8.0,14.0,14.0,6.0,8.0,5.0,10.0,16.0,4.0,6
2023-11-23,Hafta İçi,Sonbahar,İş Günü,November,Thursday,6.0,10.0,7.0,1.0,5.0,13.0,8.0,4.0,8.0,10.0,5.0,10.0,10.0,8.0,14.0,14.0,6.0,8.0,5.0,10.0,16.0,8
2023-11-24,Hafta İçi,Sonbahar,İş Günü,November,Friday,8.0,6.0,10.0,7.0,1.0,5.0,13.0,8.0,4.0,8.0,10.0,5.0,10.0,10.0,8.0,14.0,14.0,6.0,8.0,5.0,10.0,4
2023-11-25,Hafta Sonu,Sonbahar,Tatil Günü,November,Saturday,4.0,8.0,6.0,10.0,7.0,1.0,5.0,13.0,8.0,4.0,8.0,10.0,5.0,10.0,10.0,8.0,14.0,14.0,6.0,8.0,5.0,6
2023-11-26,Hafta Sonu,Sonbahar,Tatil Günü,November,Sunday,6.0,4.0,8.0,6.0,10.0,7.0,1.0,5.0,13.0,8.0,4.0,8.0,10.0,5.0,10.0,10.0,8.0,14.0,14.0,6.0,8.0,2
2023-11-27,Hafta İçi,Sonbahar,İş Günü,November,Monday,2.0,6.0,4.0,8.0,6.0,10.0,7.0,1.0,5.0,13.0,8.0,4.0,8.0,10.0,5.0,10.0,10.0,8.0,14.0,14.0,6.0,9
2023-11-28,Hafta İçi,Sonbahar,İş Günü,November,Tuesday,9.0,2.0,6.0,4.0,8.0,6.0,10.0,7.0,1.0,5.0,13.0,8.0,4.0,8.0,10.0,5.0,10.0,10.0,8.0,14.0,14.0,4
2023-11-29,Hafta İçi,Sonbahar,İş Günü,November,Wednesday,4.0,9.0,2.0,6.0,4.0,8.0,6.0,10.0,7.0,1.0,5.0,13.0,8.0,4.0,8.0,10.0,5.0,10.0,10.0,8.0,14.0,8
2023-11-30,Hafta İçi,Sonbahar,İş Günü,November,Thursday,8.0,4.0,9.0,2.0,6.0,4.0,8.0,6.0,10.0,7.0,1.0,5.0,13.0,8.0,4.0,8.0,10.0,5.0,10.0,10.0,8.0,4
2023-12-01,Hafta İçi,Kış,İş Günü,December,Friday,4.0,8.0,4.0,9.0,2.0,6.0,4.0,8.0,6.0,10.0,7.0,1.0,5.0,13.0,8.0,4.0,8.0,10.0,5.0,10.0,10.0,4
2023-12-02,Hafta Sonu,Kış,Tatil Günü,December,Saturday,4.0,4.0,8.0,4.0,9.0,2.0,6.0,4.0,8.0,6.0,10.0,7.0,1.0,5.0,13.0,8.0,4.0,8.0,10.0,5.0,10.0,3
2023-12-03,Hafta Sonu,Kış,Tatil Günü,December,Sunday,3.0,4.0,4.0,8.0,4.0,9.0,2.0,6.0,4.0,8.0,6.0,10.0,7.0,1.0,5.0,13.0,8.0,4.0,8.0,10.0,5.0,3
2023-12-04,Hafta İçi,Kış,İş Günü,December,Monday,3.0,3.0,4.0,4.0,8.0,4.0,9.0,2.0,6.0,4.0,8.0,6.0,10.0,7.0,1.0,5.0,13.0,8.0,4.0,8.0,10.0,11
2023-12-05,Hafta İçi,Kış,İş Günü,December,Tuesday,11.0,3.0,3.0,4.0,4.0,8.0,4.0,9.0,2.0,6.0,4.0,8.0,6.0,10.0,7.0,1.0,5.0,13.0,8.0,4.0,8.0,7
2023-12-06,Hafta İçi,Kış,İş Günü,December,Wednesday,7.0,11.0,3.0,3.0,4.0,4.0,8.0,4.0,9.0,2.0,6.0,4.0,8.0,6.0,10.0,7.0,1.0,5.0,13.0,8.0,4.0,7
2023-12-07,Hafta İçi,Kış,İş Günü,December,Thursday,7.0,7.0,11.0,3.0,3.0,4.0,4.0,8.0,4.0,9.0,2.0,6.0,4.0,8.0,6.0,10.0,7.0,1.0,5.0,13.0,8.0,5
2023-12-08,Hafta İçi,Kış,İş Günü,December,Friday,5.0,7.0,7.0,11.0,3.0,3.0,4.0,4.0,8.0,4.0,9.0,2.0,6.0,4.0,8.0,6.0,10.0,7.0,1.0,5.0,13.0,9
2023-12-09,Hafta Sonu,Kış,Tatil Günü,December,Saturday,9.0,5.0,7.0,7.0,11.0,3.0,3.0,4.0,4.0,8.0,4.0,9.0,2.0,6.0,4.0,8.0,6.0,10.0,7.0,1.0,5.0,3
2023-12-11,Hafta İçi,Kış,İş Günü,December,Monday,3.0,9.0,5.0,7.0,7.0,11.0,3.0,3.0,4.0,4.0,8.0,4.0,9.0,2.0,6.0,4.0,8.0,6.0,10.0,7.0,1.0,3
2023-12-12,Hafta İçi,Kış,İş Günü,December,Tuesday,3.0,3.0,9.0,5.0,7.0,7.0,11.0,3.0,3.0,4.0,4.0,8.0,4.0,9.0,2.0,6.0,4.0,8.0,6.0,10.0,7.0,12
2023-12-13,Hafta İçi,Kış,İş Günü,December,Wednesday,12.0,3.0,3.0,9.0,5.0,7.0,7.0,11.0,3.0,3.0,4.0,4.0,8.0,4.0,9.0,2.0,6.0,4.0,8.0,6.0,10.0,6
2023-12-14,Hafta İçi,Kış,İş Günü,December,Thursday,6.0,12.0,3.0,3.0,9.0,5.0,7.0,7.0,11.0,3.0,3.0,4.0,4.0,8.0,4.0,9.0,2.0,6.0,4.0,8.0,6.0,8
2023-12-15,Hafta İçi,Kış,İş Günü,December,Friday,8.0,6.0,12.0,3.0,3.0,9.0,5.0,7.0,7.0,11.0,3.0,3.0,4.0,4.0,8.0,4.0,9.0,2.0,6.0,4.0,8.0,15
2023-12-16,Hafta Sonu,Kış,Tatil Günü,December,Saturday,15.0,8.0,6.0,12.0,3.0,3.0,9.0,5.0,7.0,7.0,11.0,3.0,3.0,4.0,4.0,8.0,4.0,9.0,2.0,6.0,4.0,6
2023-12-17,Hafta Sonu,Kış,Tatil Günü,December,Sunday,6.0,15.0,8.0,6.0,12.0,3.0,3.0,9.0,5.0,7.0,7.0,11.0,3.0,3.0,4.0,4.0,8.0,4.0,9.0,2.0,6.0,2
2023-12-18,Hafta İçi,Kış,İş Günü,December,Monday,2.0,6.0,15.0,8.0,6.0,12.0,3.0,3.0,9.0,5.0,7.0,7.0,11.0,3.0,3.0,4.0,4.0,8.0,4.0,9.0,2.0,12
2023-12-19,Hafta İçi,Kış,İş Günü,December,Tuesday,12.0,2.0,6.0,15.0,8.0,6.0,12.0,3.0,3.0,9.0,5.0,7.0,7.0,11.0,3.0,3.0,4.0,4.0,8.0,4.0,9.0,8
2023-12-20,Hafta İçi,Kış,İş Günü,December,Wednesday,8.0,12.0,2.0,6.0,15.0,8.0,6.0,12.0,3.0,3.0,9.0,5.0,7.0,7.0,11.0,3.0,3.0,4.0,4.0,8.0,4.0,15
2023-12-21,Hafta İçi,Kış,İş Günü,December,Thursday,15.0,8.0,12.0,2.0,6.0,15.0,8.0,6.0,12.0,3.0,3.0,9.0,5.0,7.0,7.0,11.0,3.0,3.0,4.0,4.0,8.0,11
2023-12-22,Hafta İçi,Kış,İş Günü,December,Friday,11.0,15.0,8.0,12.0,2.0,6.0,15.0,8.0,6.0,12.0,3.0,3.0,9.0,5.0,7.0,7.0,11.0,3.0,3.0,4.0,4.0,9
2023-12-23,Hafta Sonu,Kış,Tatil Günü,December,Saturday,9.0,11.0,15.0,8.0,12.0,2.0,6.0,15.0,8.0,6.0,12.0,3.0,3.0,9.0,5.0,7.0,7.0,11.0,3.0,3.0,4.0,4
2023-12-24,Hafta Sonu,Kış,Tatil Günü,December,Sunday,4.0,9.0,11.0,15.0,8.0,12.0,2.0,6.0,15.0,8.0,6.0,12.0,3.0,3.0,9.0,5.0,7.0,7.0,11.0,3.0,3.0,2
2023-12-25,Hafta İçi,Kış,İş Günü,December,Monday,2.0,4.0,9.0,11.0,15.0,8.0,12.0,2.0,6.0,15.0,8.0,6.0,12.0,3.0,3.0,9.0,5.0,7.0,7.0,11.0,3.0,9
2023-12-26,Hafta İçi,Kış,İş Günü,December,Tuesday,9.0,2.0,4.0,9.0,11.0,15.0,8.0,12.0,2.0,6.0,15.0,8.0,6.0,12.0,3.0,3.0,9.0,5.0,7.0,7.0,11.0,13
2023-12-27,Hafta İçi,Kış,İş Günü,December,Wednesday,13.0,9.0,2.0,4.0,9.0,11.0,15.0,8.0,12.0,2.0,6.0,15.0,8.0,6.0,12.0,3.0,3.0,9.0,5.0,7.0,7.0,12
2023-12-28,Hafta İçi,Kış,İş Günü,December,Thursday,12.0,13.0,9.0,2.0,4.0,9.0,11.0,15.0,8.0,12.0,2.0,6.0,15.0,8.0,6.0,12.0,3.0,3.0,9.0,5.0,7.0,10
2023-12-29,Hafta İçi,Kış,İş Günü,December,Friday,10.0,12.0,13.0,9.0,2.0,4.0,9.0,11.0,15.0,8.0,12.0,2.0,6.0,15.0,8.0,6.0,12.0,3.0,3.0,9.0,5.0,9
2023-12-30,Hafta Sonu,Kış,Tatil Günü,December,Saturday,9.0,10.0,12.0,13.0,9.0,2.0,4.0,9.0,11.0,15.0,8.0,12.0,2.0,6.0,15.0,8.0,6.0,12.0,3.0,3.0,9.0,6
2023-12-31,Resmi Tatil,Kış,Tatil Günü,December,Sunday,6.0,9.0,10.0,12.0,13.0,9.0,2.0,4.0,9.0,11.0,15.0,8.0,12.0,2.0,6.0,15.0,8.0,6.0,12.0,3.0,3.0,4
2024-01-01,Resmi Tatil,Kış,Tatil Günü,January,Monday,4.0,6.0,9.0,10.0,12.0,13.0,9.0,2.0,4.0,9.0,11.0,15.0,8.0,12.0,2.0,6.0,15.0,8.0,6.0,12.0,3.0,2
2024-01-02,Hafta İçi,Kış,İş Günü,January,Tuesday,2.0,4.0,6.0,9.0,10.0,12.0,13.0,9.0,2.0,4.0,9.0,11.0,15.0,8.0,12.0,2.0,6.0,15.0,8.0,6.0,12.0,10
2024-01-03,Hafta İçi,Kış,İş Günü,January,Wednesday,10.0,2.0,4.0,6.0,9.0,10.0,12.0,13.0,9.0,2.0,4.0,9.0,11.0,15.0,8.0,12.0,2.0,6.0,15.0,8.0,6.0,5
2024-01-04,Hafta İçi,Kış,İş Günü,January,Thursday,5.0,10.0,2.0,4.0,6.0,9.0,10.0,12.0,13.0,9.0,2.0,4.0,9.0,11.0,15.0,8.0,12.0,2.0,6.0,15.0,8.0,8
2024-01-05,Hafta İçi,Kış,İş Günü,January,Friday,8.0,5.0,10.0,2.0,4.0,6.0,9.0,10.0,12.0,13.0,9.0,2.0,4.0,9.0,11.0,15.0,8.0,12.0,2.0,6.0,15.0,8
2024-01-06,Hafta Sonu,Kış,Tatil Günü,January,Saturday,8.0,8.0,5.0,10.0,2.0,4.0,6.0,9.0,10.0,12.0,13.0,9.0,2.0,4.0,9.0,11.0,15.0,8.0,12.0,2.0,6.0,6
2024-01-07,Hafta Sonu,Kış,Tatil Günü,January,Sunday,6.0,8.0,8.0,5.0,10.0,2.0,4.0,6.0,9.0,10.0,12.0,13.0,9.0,2.0,4.0,9.0,11.0,15.0,8.0,12.0,2.0,2
2024-01-08,Hafta İçi,Kış,İş Günü,January,Monday,2.0,6.0,8.0,8.0,5.0,10.0,2.0,4.0,6.0,9.0,10.0,12.0,13.0,9.0,2.0,4.0,9.0,11.0,15.0,8.0,12.0,6
2024-01-09,Hafta İçi,Kış,İş Günü,January,Tuesday,6.0,2.0,6.0,8.0,8.0,5.0,10.0,2.0,4.0,6.0,9.0,10.0,12.0,13.0,9.0,2.0,4.0,9.0,11.0,15.0,8.0,9
2024-01-10,Hafta İçi,Kış,İş Günü,January,Wednesday,9.0,6.0,2.0,6.0,8.0,8.0,5.0,10.0,2.0,4.0,6.0,9.0,10.0,12.0,13.0,9.0,2.0,4.0,9.0,11.0,15.0,5
2024-01-11,Hafta İçi,Kış,İş Günü,January,Thursday,5.0,9.0,6.0,2.0,6.0,8.0,8.0,5.0,10.0,2.0,4.0,6.0,9.0,10.0,12.0,13.0,9.0,2.0,4.0,9.0,11.0,5
2024-01-12,Hafta İçi,Kış,İş Günü,January,Friday,5.0,5.0,9.0,6.0,2.0,6.0,8.0,8.0,5.0,10.0,2.0,4.0,6.0,9.0,10.0,12.0,13.0,9.0,2.0,4.0,9.0,9
2024-01-13,Hafta Sonu,Kış,Tatil Günü,January,Saturday,9.0,5.0,5.0,9.0,6.0,2.0,6.0,8.0,8.0,5.0,10.0,2.0,4.0,6.0,9.0,10.0,12.0,13.0,9.0,2.0,4.0,10
2024-01-14,Hafta Sonu,Kış,Tatil Günü,January,Sunday,10.0,9.0,5.0,5.0,9.0,6.0,2.0,6.0,8.0,8.0,5.0,10.0,2.0,4.0,6.0,9.0,10.0,12.0,13.0,9.0,2.0,6
2024-01-15,Hafta İçi,Kış,İş Günü,January,Monday,6.0,10.0,9.0,5.0,5.0,9.0,6.0,2.0,6.0,8.0,8.0,5.0,10.0,2.0,4.0,6.0,9.0,10.0,12.0,13.0,9.0,8
2024-01-16,Hafta İçi,Kış,İş Günü,January,Tuesday,8.0,6.0,10.0,9.0,5.0,5.0,9.0,6.0,2.0,6.0,8.0,8.0,5.0,10.0,2.0,4.0,6.0,9.0,10.0,12.0,13.0,7
2024-01-17,Hafta İçi,Kış,İş Günü,January,Wednesday,7.0,8.0,6.0,10.0,9.0,5.0,5.0,9.0,6.0,2.0,6.0,8.0,8.0,5.0,10.0,2.0,4.0,6.0,9.0,10.0,12.0,9
2024-01-18,Hafta İçi,Kış,İş Günü,January,Thursday,9.0,7.0,8.0,6.0,10.0,9.0,5.0,5.0,9.0,6.0,2.0,6.0,8.0,8.0,5.0,10.0,2.0,4.0,6.0,9.0,10.0,10
2024-01-19,Hafta İçi,Kış,İş Günü,January,Friday,10.0,9.0,7.0,8.0,6.0,10.0,9.0,5.0,5.0,9.0,6.0,2.0,6.0,8.0,8.0,5.0,10.0,2.0,4.0,6.0,9.0,9
2024-01-20,Hafta Sonu,Kış,Tatil Günü,January,Saturday,9.0,10.0,9.0,7.0,8.0,6.0,10.0,9.0,5.0,5.0,9.0,6.0,2.0,6.0,8.0,8.0,5.0,10.0,2.0,4.0,6.0,8
2024-01-21,Hafta Sonu,Kış,Tatil Günü,January,Sunday,8.0,9.0,10.0,9.0,7.0,8.0,6.0,10.0,9.0,5.0,5.0,9.0,6.0,2.0,6.0,8.0,8.0,5.0,10.0,2.0,4.0,2
2024-01-22,Hafta İçi,Kış,İş Günü,January,Monday,2.0,8.0,9.0,10.0,9.0,7.0,8.0,6.0,10.0,9.0,5.0,5.0,9.0,6.0,2.0,6.0,8.0,8.0,5.0,10.0,2.0,13
2024-01-23,Hafta İçi,Kış,İş Günü,January,Tuesday,13.0,2.0,8.0,9.0,10.0,9.0,7.0,8.0,6.0,10.0,9.0,5.0,5.0,9.0,6.0,2.0,6.0,8.0,8.0,5.0,10.0,5
2024-01-24,Hafta İçi,Kış,İş Günü,January,Wednesday,5.0,13.0,2.0,8.0,9.0,10.0,9.0,7.0,8.0,6.0,10.0,9.0,5.0,5.0,9.0,6.0,2.0,6.0,8.0,8.0,5.0,14
2024-01-25,Hafta İçi,Kış,İş Günü,January,Thursday,14.0,5.0,13.0,2.0,8.0,9.0,10.0,9.0,7.0,8.0,6.0,10.0,9.0,5.0,5.0,9.0,6.0,2.0,6.0,8.0,8.0,7
2024-01-26,Hafta İçi,Kış,İş Günü,January,Friday,7.0,14.0,5.0,13.0,2.0,8.0,9.0,10.0,9.0,7.0,8.0,6.0,10.0,9.0,5.0,5.0,9.0,6.0,2.0,6.0,8.0,6
2024-01-27,Hafta Sonu,Kış,Tatil Günü,January,Saturday,6.0,7.0,14.0,5.0,13.0,2.0,8.0,9.0,10.0,9.0,7.0,8.0,6.0,10.0,9.0,5.0,5.0,9.0,6.0,2.0,6.0,4
2024-01-28,Hafta Sonu,Kış,Tatil Günü,January,Sunday,4.0,6.0,7.0,14.0,5.0,13.0,2.0,8.0,9.0,10.0,9.0,7.0,8.0,6.0,10.0,9.0,5.0,5.0,9.0,6.0,2.0,3
2024-01-29,Hafta İçi,Kış,İş Günü,January,Monday,3.0,4.0,6.0,7.0,14.0,5.0,13.0,2.0,8.0,9.0,10.0,9.0,7.0,8.0,6.0,10.0,9.0,5.0,5.0,9.0,6.0,5
2024-01-30,Hafta İçi,Kış,İş Günü,January,Tuesday,5.0,3.0,4.0,6.0,7.0,14.0,5.0,13.0,2.0,8.0,9.0,10.0,9.0,7.0,8.0,6.0,10.0,9.0,5.0,5.0,9.0,6
2024-01-31,Hafta İçi,Kış,İş Günü,January,Wednesday,6.0,5.0,3.0,4.0,6.0,7.0,14.0,5.0,13.0,2.0,8.0,9.0,10.0,9.0,7.0,8.0,6.0,10.0,9.0,5.0,5.0,10
2024-02-01,Hafta İçi,Kış,İş Günü,February,Thursday,10.0,6.0,5.0,3.0,4.0,6.0,7.0,14.0,5.0,13.0,2.0,8.0,9.0,10.0,9.0,7.0,8.0,6.0,10.0,9.0,5.0,11
2024-02-02,Hafta İçi,Kış,İş Günü,February,Friday,11.0,10.0,6.0,5.0,3.0,4.0,6.0,7.0,14.0,5.0,13.0,2.0,8.0,9.0,10.0,9.0,7.0,8.0,6.0,10.0,9.0,12
2024-02-03,Hafta Sonu,Kış,Tatil Günü,February,Saturday,12.0,11.0,10.0,6.0,5.0,3.0,4.0,6.0,7.0,14.0,5.0,13.0,2.0,8.0,9.0,10.0,9.0,7.0,8.0,6.0,10.0,3
2024-02-04,Hafta Sonu,Kış,Tatil Günü,February,Sunday,3.0,12.0,11.0,10.0,6.0,5.0,3.0,4.0,6.0,7.0,14.0,5.0,13.0,2.0,8.0,9.0,10.0,9.0,7.0,8.0,6.0,7
2024-02-05,Hafta İçi,Kış,İş Günü,February,Monday,7.0,3.0,12.0,11.0,10.0,6.0,5.0,3.0,4.0,6.0,7.0,14.0,5.0,13.0,2.0,8.0,9.0,10.0,9.0,7.0,8.0,16
2024-02-06,Hafta İçi,Kış,İş Günü,February,Tuesday,16.0,7.0,3.0,12.0,11.0,10.0,6.0,5.0,3.0,4.0,6.0,7.0,14.0,5.0,13.0,2.0,8.0,9.0,10.0,9.0,7.0,3
2024-02-07,Hafta İçi,Kış,İş Günü,February,Wednesday,3.0,16.0,7.0,3.0,12.0,11.0,10.0,6.0,5.0,3.0,4.0,6.0,7.0,14.0,5.0,13.0,2.0,8.0,9.0,10.0,9.0,13
2024-02-08,Hafta İçi,Kış,İş Günü,February,Thursday,13.0,3.0,16.0,7.0,3.0,12.0,11.0,10.0,6.0,5.0,3.0,4.0,6.0,7.0,14.0,5.0,13.0,2.0,8.0,9.0,10.0,11
2024-02-09,Hafta İçi,Kış,İş Günü,February,Friday,11.0,13.0,3.0,16.0,7.0,3.0,12.0,11.0,10.0,6.0,5.0,3.0,4.0,6.0,7.0,14.0,5.0,13.0,2.0,8.0,9.0,14
2024-02-10,Hafta Sonu,Kış,Tatil Günü,February,Saturday,14.0,11.0,13.0,3.0,16.0,7.0,3.0,12.0,11.0,10.0,6.0,5.0,3.0,4.0,6.0,7.0,14.0,5.0,13.0,2.0,8.0,7
2024-02-11,Hafta Sonu,Kış,Tatil Günü,February,Sunday,7.0,14.0,11.0,13.0,3.0,16.0,7.0,3.0,12.0,11.0,10.0,6.0,5.0,3.0,4.0,6.0,7.0,14.0,5.0,13.0,2.0,9
2024-02-12,Hafta İçi,Kış,İş Günü,February,Monday,9.0,7.0,14.0,11.0,13.0,3.0,16.0,7.0,3.0,12.0,11.0,10.0,6.0,5.0,3.0,4.0,6.0,7.0,14.0,5.0,13.0,8
2024-02-13,Hafta İçi,Kış,İş Günü,February,Tuesday,8.0,9.0,7.0,14.0,11.0,13.0,3.0,16.0,7.0,3.0,12.0,11.0,10.0,6.0,5.0,3.0,4.0,6.0,7.0,14.0,5.0,9
2024-02-14,Hafta İçi,Kış,İş Günü,February,Wednesday,9.0,8.0,9.0,7.0,14.0,11.0,13.0,3.0,16.0,7.0,3.0,12.0,11.0,10.0,6.0,5.0,3.0,4.0,6.0,7.0,14.0,10
2024-02-15,Hafta İçi,Kış,İş Günü,February,Thursday,10.0,9.0,8.0,9.0,7.0,14.0,11.0,13.0,3.0,16.0,7.0,3.0,12.0,11.0,10.0,6.0,5.0,3.0,4.0,6.0,7.0,8
2024-02-16,Hafta İçi,Kış,İş Günü,February,Friday,8.0,10.0,9.0,8.0,9.0,7.0,14.0,11.0,13.0,3.0,16.0,7.0,3.0,12.0,11.0,10.0,6.0,5.0,3.0,4.0,6.0,10
2024-02-17,Hafta Sonu,Kış,Tatil Günü,February,Saturday,10.0,8.0,10.0,9.0,8.0,9.0,7.0,14.0,11.0,13.0,3.0,16.0,7.0,3.0,12.0,11.0,10.0,6.0,5.0,3.0,4.0,6
2024-02-18,Hafta Sonu,Kış,Tatil Günü,February,Sunday,6.0,10.0,8.0,10.0,9.0,8.0,9.0,7.0,14.0,11.0,13.0,3.0,16.0,7.0,3.0,12.0,11.0,10.0,6.0,5.0,3.0,5
2024-02-19,Hafta İçi,Kış,İş Günü,February,Monday,5.0,6.0,10.0,8.0,10.0,9.0,8.0,9.0,7.0,14.0,11.0,13.0,3.0,16.0,7.0,3.0,12.0,11.0,10.0,6.0,5.0,13
2024-02-20,Hafta İçi,Kış,İş Günü,February,Tuesday,13.0,5.0,6.0,10.0,8.0,10.0,9.0,8.0,9.0,7.0,14.0,11.0,13.0,3.0,16.0,7.0,3.0,12.0,11.0,10.0,6.0,5
2024-02-21,Hafta İçi,Kış,İş Günü,February,Wednesday,5.0,13.0,5.0,6.0,10.0,8.0,10.0,9.0,8.0,9.0,7.0,14.0,11.0,13.0,3.0,16.0,7.0,3.0,12.0,11.0,10.0,7
2024-02-22,Hafta İçi,Kış,İş Günü,February,Thursday,7.0,5.0,13.0,5.0,6.0,10.0,8.0,10.0,9.0,8.0,9.0,7.0,14.0,11.0,13.0,3.0,16.0,7.0,3.0,12.0,11.0,8
2024-02-23,Hafta İçi,Kış,İş Günü,February,Friday,8.0,7.0,5.0,13.0,5.0,6.0,10.0,8.0,10.0,9.0,8.0,9.0,7.0,14.0,11.0,13.0,3.0,16.0,7.0,3.0,12.0,11
2024-02-24,Hafta Sonu,Kış,Tatil Günü,February,Saturday,11.0,8.0,7.0,5.0,13.0,5.0,6.0,10.0,8.0,10.0,9.0,8.0,9.0,7.0,14.0,11.0,13.0,3.0,16.0,7.0,3.0,9
2024-02-25,Hafta Sonu,Kış,Tatil Günü,February,Sunday,9.0,11.0,8.0,7.0,5.0,13.0,5.0,6.0,10.0,8.0,10.0,9.0,8.0,9.0,7.0,14.0,11.0,13.0,3.0,16.0,7.0,7
2024-02-26,Hafta İçi,Kış,İş Günü,February,Monday,7.0,9.0,11.0,8.0,7.0,5.0,13.0,5.0,6.0,10.0,8.0,10.0,9.0,8.0,9.0,7.0,14.0,11.0,13.0,3.0,16.0,8
2024-02-27,Hafta İçi,Kış,İş Günü,February,Tuesday,8.0,7.0,9.0,11.0,8.0,7.0,5.0,13.0,5.0,6.0,10.0,8.0,10.0,9.0,8.0,9.0,7.0,14.0,11.0,13.0,3.0,12
2024-02-28,Hafta İçi,Kış,İş Günü,February,Wednesday,12.0,8.0,7.0,9.0,11.0,8.0,7.0,5.0,13.0,5.0,6.0,10.0,8.0,10.0,9.0,8.0,9.0,7.0,14.0,11.0,13.0,12
2024-02-29,Hafta İçi,Kış,İş Günü,February,Thursday,12.0,12.0,8.0,7.0,9.0,11.0,8.0,7.0,5.0,13.0,5.0,6.0,10.0,8.0,10.0,9.0,8.0,9.0,7.0,14.0,11.0,12
2024-03-01,Hafta İçi,İlkbahar,İş Günü,March,Friday,12.0,12.0,12.0,8.0,7.0,9.0,11.0,8.0,7.0,5.0,13.0,5.0,6.0,10.0,8.0,10.0,9.0,8.0,9.0,7.0,14.0,6
2024-03-02,Hafta Sonu,İlkbahar,Tatil Günü,March,Saturday,6.0,12.0,12.0,12.0,8.0,7.0,9.0,11.0,8.0,7.0,5.0,13.0,5.0,6.0,10.0,8.0,10.0,9.0,8.0,9.0,7.0,11
2024-03-03,Hafta Sonu,İlkbahar,Tatil Günü,March,Sunday,11.0,6.0,12.0,12.0,12.0,8.0,7.0,9.0,11.0,8.0,7.0,5.0,13.0,5.0,6.0,10.0,8.0,10.0,9.0,8.0,9.0,6
2024-03-04,Hafta İçi,İlkbahar,İş Günü,March,Monday,6.0,11.0,6.0,12.0,12.0,12.0,8.0,7.0,9.0,11.0,8.0,7.0,5.0,13.0,5.0,6.0,10.0,8.0,10.0,9.0,8.0,13
2024-03-05,Hafta İçi,İlkbahar,İş Günü,March,Tuesday,13.0,6.0,11.0,6.0,12.0,12.0,12.0,8.0,7.0,9.0,11.0,8.0,7.0,5.0,13.0,5.0,6.0,10.0,8.0,10.0,9.0,5
2024-03-06,Hafta İçi,İlkbahar,İş Günü,March,Wednesday,5.0,13.0,6.0,11.0,6.0,12.0,12.0,12.0,8.0,7.0,9.0,11.0,8.0,7.0,5.0,13.0,5.0,6.0,10.0,8.0,10.0,10
2024-03-07,Hafta İçi,İlkbahar,İş Günü,March,Thursday,10.0,5.0,13.0,6.0,11.0,6.0,12.0,12.0,12.0,8.0,7.0,9.0,11.0,8.0,7.0,5.0,13.0,5.0,6.0,10.0,8.0,7
2024-03-08,Hafta İçi,İlkbahar,İş Günü,March,Friday,7.0,10.0,5.0,13.0,6.0,11.0,6.0,12.0,12.0,12.0,8.0,7.0,9.0,11.0,8.0,7.0,5.0,13.0,5.0,6.0,10.0,9
2024-03-09,Hafta Sonu,İlkbahar,Tatil Günü,March,Saturday,9.0,7.0,10.0,5.0,13.0,6.0,11.0,6.0,12.0,12.0,12.0,8.0,7.0,9.0,11.0,8.0,7.0,5.0,13.0,5.0,6.0,8
2024-03-10,Hafta Sonu,İlkbahar,Tatil Günü,March,Sunday,8.0,9.0,7.0,10.0,5.0,13.0,6.0,11.0,6.0,12.0,12.0,12.0,8.0,7.0,9.0,11.0,8.0,7.0,5.0,13.0,5.0,5
2024-03-11,Hafta İçi,İlkbahar,İş Günü,March,Monday,5.0,8.0,9.0,7.0,10.0,5.0,13.0,6.0,11.0,6.0,12.0,12.0,12.0,8.0,7.0,9.0,11.0,8.0,7.0,5.0,13.0,12
2024-03-12,Hafta İçi,İlkbahar,İş Günü,March,Tuesday,12.0,5.0,8.0,9.0,7.0,10.0,5.0,13.0,6.0,11.0,6.0,12.0,12.0,12.0,8.0,7.0,9.0,11.0,8.0,7.0,5.0,8
2024-03-13,Hafta İçi,İlkbahar,İş Günü,March,Wednesday,8.0,12.0,5.0,8.0,9.0,7.0,10.0,5.0,13.0,6.0,11.0,6.0,12.0,12.0,12.0,8.0,7.0,9.0,11.0,8.0,7.0,5
2024-03-14,Hafta İçi,İlkbahar,İş Günü,March,Thursday,5.0,8.0,12.0,5.0,8.0,9.0,7.0,10.0,5.0,13.0,6.0,11.0,6.0,12.0,12.0,12.0,8.0,7.0,9.0,11.0,8.0,10
2024-03-15,Hafta İçi,İlkbahar,İş Günü,March,Friday,10.0,5.0,8.0,12.0,5.0,8.0,9.0,7.0,10.0,5.0,13.0,6.0,11.0,6.0,12.0,12.0,12.0,8.0,7.0,9.0,11.0,11
2024-03-16,Hafta Sonu,İlkbahar,Tatil Günü,March,Saturday,11.0,10.0,5.0,8.0,12.0,5.0,8.0,9.0,7.0,10.0,5.0,13.0,6.0,11.0,6.0,12.0,12.0,12.0,8.0,7.0,9.0,10
2024-03-17,Hafta Sonu,İlkbahar,Tatil Günü,March,Sunday,10.0,11.0,10.0,5.0,8.0,12.0,5.0,8.0,9.0,7.0,10.0,5.0,13.0,6.0,11.0,6.0,12.0,12.0,12.0,8.0,7.0,3
2024-03-18,Hafta İçi,İlkbahar,İş Günü,March,Monday,3.0,10.0,11.0,10.0,5.0,8.0,12.0,5.0,8.0,9.0,7.0,10.0,5.0,13.0,6.0,11.0,6.0,12.0,12.0,12.0,8.0,14
2024-03-19,Hafta İçi,İlkbahar,İş Günü,March,Tuesday,14.0,3.0,10.0,11.0,10.0,5.0,8.0,12.0,5.0,8.0,9.0,7.0,10.0,5.0,13.0,6.0,11.0,6.0,12.0,12.0,12.0,4
2024-03-20,Hafta İçi,İlkbahar,İş Günü,March,Wednesday,4.0,14.0,3.0,10.0,11.0,10.0,5.0,8.0,12.0,5.0,8.0,9.0,7.0,10.0,5.0,13.0,6.0,11.0,6.0,12.0,12.0,5
2024-03-21,Hafta İçi,İlkbahar,İş Günü,March,Thursday,5.0,4.0,14.0,3.0,10.0,11.0,10.0,5.0,8.0,12.0,5.0,8.0,9.0,7.0,10.0,5.0,13.0,6.0,11.0,6.0,12.0,9
2024-03-22,Hafta İçi,İlkbahar,İş Günü,March,Friday,9.0,5.0,4.0,14.0,3.0,10.0,11.0,10.0,5.0,8.0,12.0,5.0,8.0,9.0,7.0,10.0,5.0,13.0,6.0,11.0,6.0,8
2024-03-23,Hafta Sonu,İlkbahar,Tatil Günü,March,Saturday,8.0,9.0,5.0,4.0,14.0,3.0,10.0,11.0,10.0,5.0,8.0,12.0,5.0,8.0,9.0,7.0,10.0,5.0,13.0,6.0,11.0,10
2024-03-24,Hafta Sonu,İlkbahar,Tatil Günü,March,Sunday,10.0,8.0,9.0,5.0,4.0,14.0,3.0,10.0,11.0,10.0,5.0,8.0,12.0,5.0,8.0,9.0,7.0,10.0,5.0,13.0,6.0,2
2024-03-25,Hafta İçi,İlkbahar,İş Günü,March,Monday,2.0,10.0,8.0,9.0,5.0,4.0,14.0,3.0,10.0,11.0,10.0,5.0,8.0,12.0,5.0,8.0,9.0,7.0,10.0,5.0,13.0,6
2024-03-26,Hafta İçi,İlkbahar,İş Günü,March,Tuesday,6.0,2.0,10.0,8.0,9.0,5.0,4.0,14.0,3.0,10.0,11.0,10.0,5.0,8.0,12.0,5.0,8.0,9.0,7.0,10.0,5.0,9
2024-03-27,Hafta İçi,İlkbahar,İş Günü,March,Wednesday,9.0,6.0,2.0,10.0,8.0,9.0,5.0,4.0,14.0,3.0,10.0,11.0,10.0,5.0,8.0,12.0,5.0,8.0,9.0,7.0,10.0,10
2024-03-28,Hafta İçi,İlkbahar,İş Günü,March,Thursday,10.0,9.0,6.0,2.0,10.0,8.0,9.0,5.0,4.0,14.0,3.0,10.0,11.0,10.0,5.0,8.0,12.0,5.0,8.0,9.0,7.0,2
2024-03-29,Hafta İçi,İlkbahar,İş Günü,March,Friday,2.0,10.0,9.0,6.0,2.0,10.0,8.0,9.0,5.0,4.0,14.0,3.0,10.0,11.0,10.0,5.0,8.0,12.0,5.0,8.0,9.0,11
2024-03-30,Hafta Sonu,İlkbahar,Tatil Günü,March,Saturday,11.0,2.0,10.0,9.0,6.0,2.0,10.0,8.0,9.0,5.0,4.0,14.0,3.0,10.0,11.0,10.0,5.0,8.0,12.0,5.0,8.0,8
2024-03-31,Hafta Sonu,İlkbahar,Tatil Günü,March,Sunday,8.0,11.0,2.0,10.0,9.0,6.0,2.0,10.0,8.0,9.0,5.0,4.0,14.0,3.0,10.0,11.0,10.0,5.0,8.0,12.0,5.0,3
2024-04-01,Hafta İçi,İlkbahar,İş Günü,April,Monday,3.0,8.0,11.0,2.0,10.0,9.0,6.0,2.0,10.0,8.0,9.0,5.0,4.0,14.0,3.0,10.0,11.0,10.0,5.0,8.0,12.0,10
2024-04-02,Hafta İçi,İlkbahar,İş Günü,April,Tuesday,10.0,3.0,8.0,11.0,2.0,10.0,9.0,6.0,2.0,10.0,8.0,9.0,5.0,4.0,14.0,3.0,10.0,11.0,10.0,5.0,8.0,10
2024-04-03,Hafta İçi,İlkbahar,İş Günü,April,Wednesday,10.0,10.0,3.0,8.0,11.0,2.0,10.0,9.0,6.0,2.0,10.0,8.0,9.0,5.0,4.0,14.0,3.0,10.0,11.0,10.0,5.0,11
2024-04-04,Hafta İçi,İlkbahar,İş Günü,April,Thursday,11.0,10.0,10.0,3.0,8.0,11.0,2.0,10.0,9.0,6.0,2.0,10.0,8.0,9.0,5.0,4.0,14.0,3.0,10.0,11.0,10.0,6
2024-04-05,Hafta İçi,İlkbahar,İş Günü,April,Friday,6.0,11.0,10.0,10.0,3.0,8.0,11.0,2.0,10.0,9.0,6.0,2.0,10.0,8.0,9.0,5.0,4.0,14.0,3.0,10.0,11.0,5
2024-04-06,Hafta Sonu,İlkbahar,Tatil Günü,April,Saturday,5.0,6.0,11.0,10.0,10.0,3.0,8.0,11.0,2.0,10.0,9.0,6.0,2.0,10.0,8.0,9.0,5.0,4.0,14.0,3.0,10.0,4
2024-04-07,Hafta Sonu,İlkbahar,Tatil Günü,April,Sunday,4.0,5.0,6.0,11.0,10.0,10.0,3.0,8.0,11.0,2.0,10.0,9.0,6.0,2.0,10.0,8.0,9.0,5.0,4.0,14.0,3.0,3
2024-04-08,Hafta İçi,İlkbahar,İş Günü,April,Monday,3.0,4.0,5.0,6.0,11.0,10.0,10.0,3.0,8.0,11.0,2.0,10.0,9.0,6.0,2.0,10.0,8.0,9.0,5.0,4.0,14.0,2
2024-04-09,Resmi Tatil,İlkbahar,Tatil Günü,April,Tuesday,2.0,3.0,4.0,5.0,6.0,11.0,10.0,10.0,3.0,8.0,11.0,2.0,10.0,9.0,6.0,2.0,10.0,8.0,9.0,5.0,4.0,1
2024-04-10,Resmi Tatil,İlkbahar,Tatil Günü,April,Wednesday,1.0,2.0,3.0,4.0,5.0,6.0,11.0,10.0,10.0,3.0,8.0,11.0,2.0,10.0,9.0,6.0,2.0,10.0,8.0,9.0,5.0,1
2024-04-12,Resmi Tatil,İlkbahar,Tatil Günü,April,Friday,1.0,1.0,2.0,3.0,4.0,5.0,6.0,11.0,10.0,10.0,3.0,8.0,11.0,2.0,10.0,9.0,6.0,2.0,10.0,8.0,9.0,1
2024-04-13,Hafta Sonu,İlkbahar,Tatil Günü,April,Saturday,1.0,1.0,1.0,2.0,3.0,4.0,5.0,6.0,11.0,10.0,10.0,3.0,8.0,11.0,2.0,10.0,9.0,6.0,2.0,10.0,8.0,3
2024-04-14,Hafta Sonu,İlkbahar,Tatil Günü,April,Sunday,3.0,1.0,1.0,1.0,2.0,3.0,4.0,5.0,6.0,11.0,10.0,10.0,3.0,8.0,11.0,2.0,10.0,9.0,6.0,2.0,10.0,3
2024-04-15,Hafta İçi,İlkbahar,İş Günü,April,Monday,3.0,3.0,1.0,1.0,1.0,2.0,3.0,4.0,5.0,6.0,11.0,10.0,10.0,3.0,8.0,11.0,2.0,10.0,9.0,6.0,2.0,4
2024-04-16,Hafta İçi,İlkbahar,İş Günü,April,Tuesday,4.0,3.0,3.0,1.0,1.0,1.0,2.0,3.0,4.0,5.0,6.0,11.0,10.0,10.0,3.0,8.0,11.0,2.0,10.0,9.0,6.0,6
2024-04-17,Hafta İçi,İlkbahar,İş Günü,April,Wednesday,6.0,4.0,3.0,3.0,1.0,1.0,1.0,2.0,3.0,4.0,5.0,6.0,11.0,10.0,10.0,3.0,8.0,11.0,2.0,10.0,9.0,7
2024-04-18,Hafta İçi,İlkbahar,İş Günü,April,Thursday,7.0,6.0,4.0,3.0,3.0,1.0,1.0,1.0,2.0,3.0,4.0,5.0,6.0,11.0,10.0,10.0,3.0,8.0,11.0,2.0,10.0,6
2024-04-19,Hafta İçi,İlkbahar,İş Günü,April,Friday,6.0,7.0,6.0,4.0,3.0,3.0,1.0,1.0,1.0,2.0,3.0,4.0,5.0,6.0,11.0,10.0,10.0,3.0,8.0,11.0,2.0,5
2024-04-20,Hafta Sonu,İlkbahar,Tatil Günü,April,Saturday,5.0,6.0,7.0,6.0,4.0,3.0,3.0,1.0,1.0,1.0,2.0,3.0,4.0,5.0,6.0,11.0,10.0,10.0,3.0,8.0,11.0,4
2024-04-21,Hafta Sonu,İlkbahar,Tatil Günü,April,Sunday,4.0,5.0,6.0,7.0,6.0,4.0,3.0,3.0,1.0,1.0,1.0,2.0,3.0,4.0,5.0,6.0,11.0,10.0,10.0,3.0,8.0,3
2024-04-22,Hafta İçi,İlkbahar,İş Günü,April,Monday,3.0,4.0,5.0,6.0,7.0,6.0,4.0,3.0,3.0,1.0,1.0,1.0,2.0,3.0,4.0,5.0,6.0,11.0,10.0,10.0,3.0,6
2024-04-23,Resmi Tatil,İlkbahar,Tatil Günü,April,Tuesday,6.0,3.0,4.0,5.0,6.0,7.0,6.0,4.0,3.0,3.0,1.0,1.0,1.0,2.0,3.0,4.0,5.0,6.0,11.0,10.0,10.0,8
2024-04-24,Hafta İçi,İlkbahar,İş Günü,April,Wednesday,8.0,6.0,3.0,4.0,5.0,6.0,7.0,6.0,4.0,3.0,3.0,1.0,1.0,1.0,2.0,3.0,4.0,5.0,6.0,11.0,10.0,4
2024-04-25,Hafta İçi,İlkbahar,İş Günü,April,Thursday,4.0,8.0,6.0,3.0,4.0,5.0,6.0,7.0,6.0,4.0,3.0,3.0,1.0,1.0,1.0,2.0,3.0,4.0,5.0,6.0,11.0,5
2024-04-26,Hafta İçi,İlkbahar,İş Günü,April,Friday,5.0,4.0,8.0,6.0,3.0,4.0,5.0,6.0,7.0,6.0,4.0,3.0,3.0,1.0,1.0,1.0,2.0,3.0,4.0,5.0,6.0,10
2024-04-27,Hafta Sonu,İlkbahar,Tatil Günü,April,Saturday,10.0,5.0,4.0,8.0,6.0,3.0,4.0,5.0,6.0,7.0,6.0,4.0,3.0,3.0,1.0,1.0,1.0,2.0,3.0,4.0,5.0,2
2024-04-28,Hafta Sonu,İlkbahar,Tatil Günü,April,Sunday,2.0,10.0,5.0,4.0,8.0,6.0,3.0,4.0,5.0,6.0,7.0,6.0,4.0,3.0,3.0,1.0,1.0,1.0,2.0,3.0,4.0,4
2024-04-29,Hafta İçi,İlkbahar,İş Günü,April,Monday,4.0,2.0,10.0,5.0,4.0,8.0,6.0,3.0,4.0,5.0,6.0,7.0,6.0,4.0,3.0,3.0,1.0,1.0,1.0,2.0,3.0,9
2024-04-30,Hafta İçi,İlkbahar,İş Günü,April,Tuesday,9.0,4.0,2.0,10.0,5.0,4.0,8.0,6.0,3.0,4.0,5.0,6.0,7.0,6.0,4.0,3.0,3.0,1.0,1.0,1.0,2.0,15
2024-05-01,Resmi Tatil,İlkbahar,Tatil Günü,May,Wednesday,15.0,9.0,4.0,2.0,10.0,5.0,4.0,8.0,6.0,3.0,4.0,5.0,6.0,7.0,6.0,4.0,3.0,3.0,1.0,1.0,1.0,1
2024-05-02,Hafta İçi,İlkbahar,İş Günü,May,Thursday,1.0,15.0,9.0,4.0,2.0,10.0,5.0,4.0,8.0,6.0,3.0,4.0,5.0,6.0,7.0,6.0,4.0,3.0,3.0,1.0,1.0,7
2024-05-03,Hafta İçi,İlkbahar,İş Günü,May,Friday,7.0,1.0,15.0,9.0,4.0,2.0,10.0,5.0,4.0,8.0,6.0,3.0,4.0,5.0,6.0,7.0,6.0,4.0,3.0,3.0,1.0,10
2024-05-04,Hafta Sonu,İlkbahar,Tatil Günü,May,Saturday,10.0,7.0,1.0,15.0,9.0,4.0,2.0,10.0,5.0,4.0,8.0,6.0,3.0,4.0,5.0,6.0,7.0,6.0,4.0,3.0,3.0,4
2024-05-05,Hafta Sonu,İlkbahar,Tatil Günü,May,Sunday,4.0,10.0,7.0,1.0,15.0,9.0,4.0,2.0,10.0,5.0,4.0,8.0,6.0,3.0,4.0,5.0,6.0,7.0,6.0,4.0,3.0,2
2024-05-06,Hafta İçi,İlkbahar,İş Günü,May,Monday,2.0,4.0,10.0,7.0,1.0,15.0,9.0,4.0,2.0,10.0,5.0,4.0,8.0,6.0,3.0,4.0,5.0,6.0,7.0,6.0,4.0,8
2024-05-07,Hafta İçi,İlkbahar,İş Günü,May,Tuesday,8.0,2.0,4.0,10.0,7.0,1.0,15.0,9.0,4.0,2.0,10.0,5.0,4.0,8.0,6.0,3.0,4.0,5.0,6.0,7.0,6.0,7
2024-05-08,Hafta İçi,İlkbahar,İş Günü,May,Wednesday,7.0,8.0,2.0,4.0,10.0,7.0,1.0,15.0,9.0,4.0,2.0,10.0,5.0,4.0,8.0,6.0,3.0,4.0,5.0,6.0,7.0,6
2024-05-09,Hafta İçi,İlkbahar,İş Günü,May,Thursday,6.0,7.0,8.0,2.0,4.0,10.0,7.0,1.0,15.0,9.0,4.0,2.0,10.0,5.0,4.0,8.0,6.0,3.0,4.0,5.0,6.0,3
2024-05-10,Hafta İçi,İlkbahar,İş Günü,May,Friday,3.0,6.0,7.0,8.0,2.0,4.0,10.0,7.0,1.0,15.0,9.0,4.0,2.0,10.0,5.0,4.0,8.0,6.0,3.0,4.0,5.0,9
2024-05-11,Hafta Sonu,İlkbahar,Tatil Günü,May,Saturday,9.0,3.0,6.0,7.0,8.0,2.0,4.0,10.0,7.0,1.0,15.0,9.0,4.0,2.0,10.0,5.0,4.0,8.0,6.0,3.0,4.0,4
2024-05-12,Hafta Sonu,İlkbahar,Tatil Günü,May,Sunday,4.0,9.0,3.0,6.0,7.0,8.0,2.0,4.0,10.0,7.0,1.0,15.0,9.0,4.0,2.0,10.0,5.0,4.0,8.0,6.0,3.0,5
2024-05-13,Hafta İçi,İlkbahar,İş Günü,May,Monday,5.0,4.0,9.0,3.0,6.0,7.0,8.0,2.0,4.0,10.0,7.0,1.0,15.0,9.0,4.0,2.0,10.0,5.0,4.0,8.0,6.0,8
2024-05-14,Hafta İçi,İlkbahar,İş Günü,May,Tuesday,8.0,5.0,4.0,9.0,3.0,6.0,7.0,8.0,2.0,4.0,10.0,7.0,1.0,15.0,9.0,4.0,2.0,10.0,5.0,4.0,8.0,5
2024-05-15,Hafta İçi,İlkbahar,İş Günü,May,Wednesday,5.0,8.0,5.0,4.0,9.0,3.0,6.0,7.0,8.0,2.0,4.0,10.0,7.0,1.0,15.0,9.0,4.0,2.0,10.0,5.0,4.0,8
2024-05-16,Hafta İçi,İlkbahar,İş Günü,May,Thursday,8.0,5.0,8.0,5.0,4.0,9.0,3.0,6.0,7.0,8.0,2.0,4.0,10.0,7.0,1.0,15.0,9.0,4.0,2.0,10.0,5.0,6
2024-05-17,Hafta İçi,İlkbahar,İş Günü,May,Friday,6.0,8.0,5.0,8.0,5.0,4.0,9.0,3.0,6.0,7.0,8.0,2.0,4.0,10.0,7.0,1.0,15.0,9.0,4.0,2.0,10.0,13
2024-05-18,Hafta Sonu,İlkbahar,Tatil Günü,May,Saturday,13.0,6.0,8.0,5.0,8.0,5.0,4.0,9.0,3.0,6.0,7.0,8.0,2.0,4.0,10.0,7.0,1.0,15.0,9.0,4.0,2.0,2
2024-05-19,Resmi Tatil,İlkbahar,Tatil Günü,May,Sunday,2.0,13.0,6.0,8.0,5.0,8.0,5.0,4.0,9.0,3.0,6.0,7.0,8.0,2.0,4.0,10.0,7.0,1.0,15.0,9.0,4.0,5
2024-05-20,Hafta İçi,İlkbahar,İş Günü,May,Monday,5.0,2.0,13.0,6.0,8.0,5.0,8.0,5.0,4.0,9.0,3.0,6.0,7.0,8.0,2.0,4.0,10.0,7.0,1.0,15.0,9.0,4
2024-05-21,Hafta İçi,İlkbahar,İş Günü,May,Tuesday,4.0,5.0,2.0,13.0,6.0,8.0,5.0,8.0,5.0,4.0,9.0,3.0,6.0,7.0,8.0,2.0,4.0,10.0,7.0,1.0,15.0,7
2024-05-22,Hafta İçi,İlkbahar,İş Günü,May,Wednesday,7.0,4.0,5.0,2.0,13.0,6.0,8.0,5.0,8.0,5.0,4.0,9.0,3.0,6.0,7.0,8.0,2.0,4.0,10.0,7.0,1.0,11
2024-05-23,Hafta İçi,İlkbahar,İş Günü,May,Thursday,11.0,7.0,4.0,5.0,2.0,13.0,6.0,8.0,5.0,8.0,5.0,4.0,9.0,3.0,6.0,7.0,8.0,2.0,4.0,10.0,7.0,6
2024-05-24,Hafta İçi,İlkbahar,İş Günü,May,Friday,6.0,11.0,7.0,4.0,5.0,2.0,13.0,6.0,8.0,5.0,8.0,5.0,4.0,9.0,3.0,6.0,7.0,8.0,2.0,4.0,10.0,10
2024-05-25,Hafta Sonu,İlkbahar,Tatil Günü,May,Saturday,10.0,6.0,11.0,7.0,4.0,5.0,2.0,13.0,6.0,8.0,5.0,8.0,5.0,4.0,9.0,3.0,6.0,7.0,8.0,2.0,4.0,17
2024-05-26,Hafta Sonu,İlkbahar,Tatil Günü,May,Sunday,17.0,10.0,6.0,11.0,7.0,4.0,5.0,2.0,13.0,6.0,8.0,5.0,8.0,5.0,4.0,9.0,3.0,6.0,7.0,8.0,2.0,2
2024-05-27,Hafta İçi,İlkbahar,İş Günü,May,Monday,2.0,17.0,10.0,6.0,11.0,7.0,4.0,5.0,2.0,13.0,6.0,8.0,5.0,8.0,5.0,4.0,9.0,3.0,6.0,7.0,8.0,5
2024-05-28,Hafta İçi,İlkbahar,İş Günü,May,Tuesday,5.0,2.0,17.0,10.0,6.0,11.0,7.0,4.0,5.0,2.0,13.0,6.0,8.0,5.0,8.0,5.0,4.0,9.0,3.0,6.0,7.0,8
2024-05-29,Hafta İçi,İlkbahar,İş Günü,May,Wednesday,8.0,5.0,2.0,17.0,10.0,6.0,11.0,7.0,4.0,5.0,2.0,13.0,6.0,8.0,5.0,8.0,5.0,4.0,9.0,3.0,6.0,6
2024-05-30,Hafta İçi,İlkbahar,İş Günü,May,Thursday,6.0,8.0,5.0,2.0,17.0,10.0,6.0,11.0,7.0,4.0,5.0,2.0,13.0,6.0,8.0,5.0,8.0,5.0,4.0,9.0,3.0,13
2024-05-31,Hafta İçi,İlkbahar,İş Günü,May,Friday,13.0,6.0,8.0,5.0,2.0,17.0,10.0,6.0,11.0,7.0,4.0,5.0,2.0,13.0,6.0,8.0,5.0,8.0,5.0,4.0,9.0,16
2024-06-01,Hafta Sonu,Yaz,Tatil Günü,June,Saturday,16.0,13.0,6.0,8.0,5.0,2.0,17.0,10.0,6.0,11.0,7.0,4.0,5.0,2.0,13.0,6.0,8.0,5.0,8.0,5.0,4.0,6
2024-06-02,Hafta Sonu,Yaz,Tatil Günü,June,Sunday,6.0,16.0,13.0,6.0,8.0,5.0,2.0,17.0,10.0,6.0,11.0,7.0,4.0,5.0,2.0,13.0,6.0,8.0,5.0,8.0,5.0,5
2024-06-03,Hafta İçi,Yaz,İş Günü,June,Monday,5.0,6.0,16.0,13.0,6.0,8.0,5.0,2.0,17.0,10.0,6.0,11.0,7.0,4.0,5.0,2.0,13.0,6.0,8.0,5.0,8.0,3
2024-06-04,Hafta İçi,Yaz,İş Günü,June,Tuesday,3.0,5.0,6.0,16.0,13.0,6.0,8.0,5.0,2.0,17.0,10.0,6.0,11.0,7.0,4.0,5.0,2.0,13.0,6.0,8.0,5.0,2
2024-06-05,Hafta İçi,Yaz,İş Günü,June,Wednesday,2.0,3.0,5.0,6.0,16.0,13.0,6.0,8.0,5.0,2.0,17.0,10.0,6.0,11.0,7.0,4.0,5.0,2.0,13.0,6.0,8.0,3
2024-06-06,Hafta İçi,Yaz,İş Günü,June,Thursday,3.0,2.0,3.0,5.0,6.0,16.0,13.0,6.0,8.0,5.0,2.0,17.0,10.0,6.0,11.0,7.0,4.0,5.0,2.0,13.0,6.0,6
2024-06-07,Hafta İçi,Yaz,İş Günü,June,Friday,6.0,3.0,2.0,3.0,5.0,6.0,16.0,13.0,6.0,8.0,5.0,2.0,17.0,10.0,6.0,11.0,7.0,4.0,5.0,2.0,13.0,3
2024-06-08,Hafta Sonu,Yaz,Tatil Günü,June,Saturday,3.0,6.0,3.0,2.0,3.0,5.0,6.0,16.0,13.0,6.0,8.0,5.0,2.0,17.0,10.0,6.0,11.0,7.0,4.0,5.0,2.0,1
2024-06-09,Hafta Sonu,Yaz,Tatil Günü,June,Sunday,1.0,3.0,6.0,3.0,2.0,3.0,5.0,6.0,16.0,13.0,6.0,8.0,5.0,2.0,17.0,10.0,6.0,11.0,7.0,4.0,5.0,4
2024-06-10,Hafta İçi,Yaz,İş Günü,June,Monday,4.0,1.0,3.0,6.0,3.0,2.0,3.0,5.0,6.0,16.0,13.0,6.0,8.0,5.0,2.0,17.0,10.0,6.0,11.0,7.0,4.0,9
2024-06-11,Hafta İçi,Yaz,İş Günü,June,Tuesday,9.0,4.0,1.0,3.0,6.0,3.0,2.0,3.0,5.0,6.0,16.0,13.0,6.0,8.0,5.0,2.0,17.0,10.0,6.0,11.0,7.0,9
2024-06-12,Hafta İçi,Yaz,İş Günü,June,Wednesday,9.0,9.0,4.0,1.0,3.0,6.0,3.0,2.0,3.0,5.0,6.0,16.0,13.0,6.0,8.0,5.0,2.0,17.0,10.0,6.0,11.0,16
2024-06-13,Hafta İçi,Yaz,İş Günü,June,Thursday,16.0,9.0,9.0,4.0,1.0,3.0,6.0,3.0,2.0,3.0,5.0,6.0,16.0,13.0,6.0,8.0,5.0,2.0,17.0,10.0,6.0,10
2024-06-14,Hafta İçi,Yaz,İş Günü,June,Friday,10.0,16.0,9.0,9.0,4.0,1.0,3.0,6.0,3.0,2.0,3.0,5.0,6.0,16.0,13.0,6.0,8.0,5.0,2.0,17.0,10.0,9
2024-06-15,Resmi Tatil,Yaz,Tatil Günü,June,Saturday,9.0,10.0,16.0,9.0,9.0,4.0,1.0,3.0,6.0,3.0,2.0,3.0,5.0,6.0,16.0,13.0,6.0,8.0,5.0,2.0,17.0,2
2024-06-16,Resmi Tatil,Yaz,Tatil Günü,June,Sunday,2.0,9.0,10.0,16.0,9.0,9.0,4.0,1.0,3.0,6.0,3.0,2.0,3.0,5.0,6.0,16.0,13.0,6.0,8.0,5.0,2.0,1
2024-06-17,Resmi Tatil,Yaz,Tatil Günü,June,Monday,1.0,2.0,9.0,10.0,16.0,9.0,9.0,4.0,1.0,3.0,6.0,3.0,2.0,3.0,5.0,6.0,16.0,13.0,6.0,8.0,5.0,5
2024-06-18,Resmi Tatil,Yaz,Tatil Günü,June,Tuesday,5.0,1.0,2.0,9.0,10.0,16.0,9.0,9.0,4.0,1.0,3.0,6.0,3.0,2.0,3.0,5.0,6.0,16.0,13.0,6.0,8.0,4
2024-06-20,Hafta İçi,Yaz,İş Günü,June,Thursday,4.0,5.0,1.0,2.0,9.0,10.0,16.0,9.0,9.0,4.0,1.0,3.0,6.0,3.0,2.0,3.0,5.0,6.0,16.0,13.0,6.0,1
2024-06-22,Hafta Sonu,Yaz,Tatil Günü,June,Saturday,1.0,4.0,5.0,1.0,2.0,9.0,10.0,16.0,9.0,9.0,4.0,1.0,3.0,6.0,3.0,2.0,3.0,5.0,6.0,16.0,13.0,2
2024-06-23,Hafta Sonu,Yaz,Tatil Günü,June,Sunday,2.0,1.0,4.0,5.0,1.0,2.0,9.0,10.0,16.0,9.0,9.0,4.0,1.0,3.0,6.0,3.0,2.0,3.0,5.0,6.0,16.0,1
2024-06-24,Hafta İçi,Yaz,İş Günü,June,Monday,1.0,2.0,1.0,4.0,5.0,1.0,2.0,9.0,10.0,16.0,9.0,9.0,4.0,1.0,3.0,6.0,3.0,2.0,3.0,5.0,6.0,9
2024-06-25,Hafta İçi,Yaz,İş Günü,June,Tuesday,9.0,1.0,2.0,1.0,4.0,5.0,1.0,2.0,9.0,10.0,16.0,9.0,9.0,4.0,1.0,3.0,6.0,3.0,2.0,3.0,5.0,6
2024-06-26,Hafta İçi,Yaz,İş Günü,June,Wednesday,6.0,9.0,1.0,2.0,1.0,4.0,5.0,1.0,2.0,9.0,10.0,16.0,9.0,9.0,4.0,1.0,3.0,6.0,3.0,2.0,3.0,7
2024-06-27,Hafta İçi,Yaz,İş Günü,June,Thursday,7.0,6.0,9.0,1.0,2.0,1.0,4.0,5.0,1.0,2.0,9.0,10.0,16.0,9.0,9.0,4.0,1.0,3.0,6.0,3.0,2.0,6
2024-06-28,Hafta İçi,Yaz,İş Günü,June,Friday,6.0,7.0,6.0,9.0,1.0,2.0,1.0,4.0,5.0,1.0,2.0,9.0,10.0,16.0,9.0,9.0,4.0,1.0,3.0,6.0,3.0,5
2024-06-29,Hafta Sonu,Yaz,Tatil Günü,June,Saturday,5.0,6.0,7.0,6.0,9.0,1.0,2.0,1.0,4.0,5.0,1.0,2.0,9.0,10.0,16.0,9.0,9.0,4.0,1.0,3.0,6.0,7
2024-06-30,Hafta Sonu,Yaz,Tatil Günü,June,Sunday,7.0,5.0,6.0,7.0,6.0,9.0,1.0,2.0,1.0,4.0,5.0,1.0,2.0,9.0,10.0,16.0,9.0,9.0,4.0,1.0,3.0,8
2024-07-01,Hafta İçi,Yaz,İş Günü,July,Monday,8.0,7.0,5.0,6.0,7.0,6.0,9.0,1.0,2.0,1.0,4.0,5.0,1.0,2.0,9.0,10.0,16.0,9.0,9.0,4.0,1.0,9
2024-07-02,Hafta İçi,Yaz,İş Günü,July,Tuesday,9.0,8.0,7.0,5.0,6.0,7.0,6.0,9.0,1.0,2.0,1.0,4.0,5.0,1.0,2.0,9.0,10.0,16.0,9.0,9.0,4.0,13
2024-07-03,Hafta İçi,Yaz,İş Günü,July,Wednesday,13.0,9.0,8.0,7.0,5.0,6.0,7.0,6.0,9.0,1.0,2.0,1.0,4.0,5.0,1.0,2.0,9.0,10.0,16.0,9.0,9.0,6
2024-07-04,Hafta İçi,Yaz,İş Günü,July,Thursday,6.0,13.0,9.0,8.0,7.0,5.0,6.0,7.0,6.0,9.0,1.0,2.0,1.0,4.0,5.0,1.0,2.0,9.0,10.0,16.0,9.0,11
2024-07-05,Hafta İçi,Yaz,İş Günü,July,Friday,11.0,6.0,13.0,9.0,8.0,7.0,5.0,6.0,7.0,6.0,9.0,1.0,2.0,1.0,4.0,5.0,1.0,2.0,9.0,10.0,16.0,9
2024-07-06,Hafta Sonu,Yaz,Tatil Günü,July,Saturday,9.0,11.0,6.0,13.0,9.0,8.0,7.0,5.0,6.0,7.0,6.0,9.0,1.0,2.0,1.0,4.0,5.0,1.0,2.0,9.0,10.0,8
2024-07-07,Hafta Sonu,Yaz,Tatil Günü,July,Sunday,8.0,9.0,11.0,6.0,13.0,9.0,8.0,7.0,5.0,6.0,7.0,6.0,9.0,1.0,2.0,1.0,4.0,5.0,1.0,2.0,9.0,1
2024-07-08,Hafta İçi,Yaz,İş Günü,July,Monday,1.0,8.0,9.0,11.0,6.0,13.0,9.0,8.0,7.0,5.0,6.0,7.0,6.0,9.0,1.0,2.0,1.0,4.0,5.0,1.0,2.0,11
2024-07-09,Hafta İçi,Yaz,İş Günü,July,Tuesday,11.0,1.0,8.0,9.0,11.0,6.0,13.0,9.0,8.0,7.0,5.0,6.0,7.0,6.0,9.0,1.0,2.0,1.0,4.0,5.0,1.0,9
2024-07-10,Hafta İçi,Yaz,İş Günü,July,Wednesday,9.0,11.0,1.0,8.0,9.0,11.0,6.0,13.0,9.0,8.0,7.0,5.0,6.0,7.0,6.0,9.0,1.0,2.0,1.0,4.0,5.0,11
2024-07-11,Hafta İçi,Yaz,İş Günü,July,Thursday,11.0,9.0,11.0,1.0,8.0,9.0,11.0,6.0,13.0,9.0,8.0,7.0,5.0,6.0,7.0,6.0,9.0,1.0,2.0,1.0,4.0,4
2024-07-12,Hafta İçi,Yaz,İş Günü,July,Friday,4.0,11.0,9.0,11.0,1.0,8.0,9.0,11.0,6.0,13.0,9.0,8.0,7.0,5.0,6.0,7.0,6.0,9.0,1.0,2.0,1.0,8
2024-07-13,Hafta Sonu,Yaz,Tatil Günü,July,Saturday,8.0,4.0,11.0,9.0,11.0,1.0,8.0,9.0,11.0,6.0,13.0,9.0,8.0,7.0,5.0,6.0,7.0,6.0,9.0,1.0,2.0,10
2024-07-14,Hafta Sonu,Yaz,Tatil Günü,July,Sunday,10.0,8.0,4.0,11.0,9.0,11.0,1.0,8.0,9.0,11.0,6.0,13.0,9.0,8.0,7.0,5.0,6.0,7.0,6.0,9.0,1.0,2
2024-07-15,Resmi Tatil,Yaz,Tatil Günü,July,Monday,2.0,10.0,8.0,4.0,11.0,9.0,11.0,1.0,8.0,9.0,11.0,6.0,13.0,9.0,8.0,7.0,5.0,6.0,7.0,6.0,9.0,3
2024-07-16,Hafta İçi,Yaz,İş Günü,July,Tuesday,3.0,2.0,10.0,8.0,4.0,11.0,9.0,11.0,1.0,8.0,9.0,11.0,6.0,13.0,9.0,8.0,7.0,5.0,6.0,7.0,6.0,11
2024-07-17,Hafta İçi,Yaz,İş Günü,July,Wednesday,11.0,3.0,2.0,10.0,8.0,4.0,11.0,9.0,11.0,1.0,8.0,9.0,11.0,6.0,13.0,9.0,8.0,7.0,5.0,6.0,7.0,7
2024-07-18,Hafta İçi,Yaz,İş Günü,July,Thursday,7.0,11.0,3.0,2.0,10.0,8.0,4.0,11.0,9.0,11.0,1.0,8.0,9.0,11.0,6.0,13.0,9.0,8.0,7.0,5.0,6.0,8
2024-07-19,Hafta İçi,Yaz,İş Günü,July,Friday,8.0,7.0,11.0,3.0,2.0,10.0,8.0,4.0,11.0,9.0,11.0,1.0,8.0,9.0,11.0,6.0,13.0,9.0,8.0,7.0,5.0,11
2024-07-20,Hafta Sonu,Yaz,Tatil Günü,July,Saturday,11.0,8.0,7.0,11.0,3.0,2.0,10.0,8.0,4.0,11.0,9.0,11.0,1.0,8.0,9.0,11.0,6.0,13.0,9.0,8.0,7.0,6
2024-07-21,Hafta Sonu,Yaz,Tatil Günü,July,Sunday,6.0,11.0,8.0,7.0,11.0,3.0,2.0,10.0,8.0,4.0,11.0,9.0,11.0,1.0,8.0,9.0,11.0,6.0,13.0,9.0,8.0,1
2024-07-22,Hafta İçi,Yaz,İş Günü,July,Monday,1.0,6.0,11.0,8.0,7.0,11.0,3.0,2.0,10.0,8.0,4.0,11.0,9.0,11.0,1.0,8.0,9.0,11.0,6.0,13.0,9.0,11
2024-07-23,Hafta İçi,Yaz,İş Günü,July,Tuesday,11.0,1.0,6.0,11.0,8.0,7.0,11.0,3.0,2.0,10.0,8.0,4.0,11.0,9.0,11.0,1.0,8.0,9.0,11.0,6.0,13.0,8
2024-07-24,Hafta İçi,Yaz,İş Günü,July,Wednesday,8.0,11.0,1.0,6.0,11.0,8.0,7.0,11.0,3.0,2.0,10.0,8.0,4.0,11.0,9.0,11.0,1.0,8.0,9.0,11.0,6.0,8
2024-07-25,Hafta İçi,Yaz,İş Günü,July,Thursday,8.0,8.0,11.0,1.0,6.0,11.0,8.0,7.0,11.0,3.0,2.0,10.0,8.0,4.0,11.0,9.0,11.0,1.0,8.0,9.0,11.0,7
2024-07-26,Hafta İçi,Yaz,İş Günü,July,Friday,7.0,8.0,8.0,11.0,1.0,6.0,11.0,8.0,7.0,11.0,3.0,2.0,10.0,8.0,4.0,11.0,9.0,11.0,1.0,8.0,9.0,7
2024-07-27,Hafta Sonu,Yaz,Tatil Günü,July,Saturday,7.0,7.0,8.0,8.0,11.0,1.0,6.0,11.0,8.0,7.0,11.0,3.0,2.0,10.0,8.0,4.0,11.0,9.0,11.0,1.0,8.0,5
2024-07-28,Hafta Sonu,Yaz,Tatil Günü,July,Sunday,5.0,7.0,7.0,8.0,8.0,11.0,1.0,6.0,11.0,8.0,7.0,11.0,3.0,2.0,10.0,8.0,4.0,11.0,9.0,11.0,1.0,4
2024-07-29,Hafta İçi,Yaz,İş Günü,July,Monday,4.0,5.0,7.0,7.0,8.0,8.0,11.0,1.0,6.0,11.0,8.0,7.0,11.0,3.0,2.0,10.0,8.0,4.0,11.0,9.0,11.0,8
2024-07-30,Hafta İçi,Yaz,İş Günü,July,Tuesday,8.0,4.0,5.0,7.0,7.0,8.0,8.0,11.0,1.0,6.0,11.0,8.0,7.0,11.0,3.0,2.0,10.0,8.0,4.0,11.0,9.0,13
2024-07-31,Hafta İçi,Yaz,İş Günü,July,Wednesday,13.0,8.0,4.0,5.0,7.0,7.0,8.0,8.0,11.0,1.0,6.0,11.0,8.0,7.0,11.0,3.0,2.0,10.0,8.0,4.0,11.0,7
2024-08-01,Hafta İçi,Yaz,İş Günü,August,Thursday,7.0,13.0,8.0,4.0,5.0,7.0,7.0,8.0,8.0,11.0,1.0,6.0,11.0,8.0,7.0,11.0,3.0,2.0,10.0,8.0,4.0,6
2024-08-02,Hafta İçi,Yaz,İş Günü,August,Friday,6.0,7.0,13.0,8.0,4.0,5.0,7.0,7.0,8.0,8.0,11.0,1.0,6.0,11.0,8.0,7.0,11.0,3.0,2.0,10.0,8.0,4
2024-08-03,Hafta Sonu,Yaz,Tatil Günü,August,Saturday,4.0,6.0,7.0,13.0,8.0,4.0,5.0,7.0,7.0,8.0,8.0,11.0,1.0,6.0,11.0,8.0,7.0,11.0,3.0,2.0,10.0,2
2024-08-04,Hafta Sonu,Yaz,Tatil Günü,August,Sunday,2.0,4.0,6.0,7.0,13.0,8.0,4.0,5.0,7.0,7.0,8.0,8.0,11.0,1.0,6.0,11.0,8.0,7.0,11.0,3.0,2.0,2
2024-08-05,Hafta İçi,Yaz,İş Günü,August,Monday,2.0,2.0,4.0,6.0,7.0,13.0,8.0,4.0,5.0,7.0,7.0,8.0,8.0,11.0,1.0,6.0,11.0,8.0,7.0,11.0,3.0,7
2024-08-06,Hafta İçi,Yaz,İş Günü,August,Tuesday,7.0,2.0,2.0,4.0,6.0,7.0,13.0,8.0,4.0,5.0,7.0,7.0,8.0,8.0,11.0,1.0,6.0,11.0,8.0,7.0,11.0,8
2024-08-07,Hafta İçi,Yaz,İş Günü,August,Wednesday,8.0,7.0,2.0,2.0,4.0,6.0,7.0,13.0,8.0,4.0,5.0,7.0,7.0,8.0,8.0,11.0,1.0,6.0,11.0,8.0,7.0,6
2024-08-08,Hafta İçi,Yaz,İş Günü,August,Thursday,6.0,8.0,7.0,2.0,2.0,4.0,6.0,7.0,13.0,8.0,4.0,5.0,7.0,7.0,8.0,8.0,11.0,1.0,6.0,11.0,8.0,6
2024-08-09,Hafta İçi,Yaz,İş Günü,August,Friday,6.0,6.0,8.0,7.0,2.0,2.0,4.0,6.0,7.0,13.0,8.0,4.0,5.0,7.0,7.0,8.0,8.0,11.0,1.0,6.0,11.0,7
2024-08-10,Hafta Sonu,Yaz,Tatil Günü,August,Saturday,7.0,6.0,6.0,8.0,7.0,2.0,2.0,4.0,6.0,7.0,13.0,8.0,4.0,5.0,7.0,7.0,8.0,8.0,11.0,1.0,6.0,2
2024-08-11,Hafta Sonu,Yaz,Tatil Günü,August,Sunday,2.0,7.0,6.0,6.0,8.0,7.0,2.0,2.0,4.0,6.0,7.0,13.0,8.0,4.0,5.0,7.0,7.0,8.0,8.0,11.0,1.0,4
2024-08-12,Hafta İçi,Yaz,İş Günü,August,Monday,4.0,2.0,7.0,6.0,6.0,8.0,7.0,2.0,2.0,4.0,6.0,7.0,13.0,8.0,4.0,5.0,7.0,7.0,8.0,8.0,11.0,12
2024-08-13,Hafta İçi,Yaz,İş Günü,August,Tuesday,12.0,4.0,2.0,7.0,6.0,6.0,8.0,7.0,2.0,2.0,4.0,6.0,7.0,13.0,8.0,4.0,5.0,7.0,7.0,8.0,8.0,4
2024-08-14,Hafta İçi,Yaz,İş Günü,August,Wednesday,4.0,12.0,4.0,2.0,7.0,6.0,6.0,8.0,7.0,2.0,2.0,4.0,6.0,7.0,13.0,8.0,4.0,5.0,7.0,7.0,8.0,8
2024-08-15,Hafta İçi,Yaz,İş Günü,August,Thursday,8.0,4.0,12.0,4.0,2.0,7.0,6.0,6.0,8.0,7.0,2.0,2.0,4.0,6.0,7.0,13.0,8.0,4.0,5.0,7.0,7.0,16
2024-08-16,Hafta İçi,Yaz,İş Günü,August,Friday,16.0,8.0,4.0,12.0,4.0,2.0,7.0,6.0,6.0,8.0,7.0,2.0,2.0,4.0,6.0,7.0,13.0,8.0,4.0,5.0,7.0,13
2024-08-17,Hafta Sonu,Yaz,Tatil Günü,August,Saturday,13.0,16.0,8.0,4.0,12.0,4.0,2.0,7.0,6.0,6.0,8.0,7.0,2.0,2.0,4.0,6.0,7.0,13.0,8.0,4.0,5.0,6
2024-08-18,Hafta Sonu,Yaz,Tatil Günü,August,Sunday,6.0,13.0,16.0,8.0,4.0,12.0,4.0,2.0,7.0,6.0,6.0,8.0,7.0,2.0,2.0,4.0,6.0,7.0,13.0,8.0,4.0,5
2024-08-19,Hafta İçi,Yaz,İş Günü,August,Monday,5.0,6.0,13.0,16.0,8.0,4.0,12.0,4.0,2.0,7.0,6.0,6.0,8.0,7.0,2.0,2.0,4.0,6.0,7.0,13.0,8.0,10
2024-08-20,Hafta İçi,Yaz,İş Günü,August,Tuesday,10.0,5.0,6.0,13.0,16.0,8.0,4.0,12.0,4.0,2.0,7.0,6.0,6.0,8.0,7.0,2.0,2.0,4.0,6.0,7.0,13.0,9
2024-08-21,Hafta İçi,Yaz,İş Günü,August,Wednesday,9.0,10.0,5.0,6.0,13.0,16.0,8.0,4.0,12.0,4.0,2.0,7.0,6.0,6.0,8.0,7.0,2.0,2.0,4.0,6.0,7.0,4
2024-08-22,Hafta İçi,Yaz,İş Günü,August,Thursday,4.0,9.0,10.0,5.0,6.0,13.0,16.0,8.0,4.0,12.0,4.0,2.0,7.0,6.0,6.0,8.0,7.0,2.0,2.0,4.0,6.0,10
2024-08-23,Hafta İçi,Yaz,İş Günü,August,Friday,10.0,4.0,9.0,10.0,5.0,6.0,13.0,16.0,8.0,4.0,12.0,4.0,2.0,7.0,6.0,6.0,8.0,7.0,2.0,2.0,4.0,6
2024-08-24,Hafta Sonu,Yaz,Tatil Günü,August,Saturday,6.0,10.0,4.0,9.0,10.0,5.0,6.0,13.0,16.0,8.0,4.0,12.0,4.0,2.0,7.0,6.0,6.0,8.0,7.0,2.0,2.0,7
2024-08-26,Hafta İçi,Yaz,İş Günü,August,Monday,7.0,6.0,10.0,4.0,9.0,10.0,5.0,6.0,13.0,16.0,8.0,4.0,12.0,4.0,2.0,7.0,6.0,6.0,8.0,7.0,2.0,10
2024-08-27,Hafta İçi,Yaz,İş Günü,August,Tuesday,10.0,7.0,6.0,10.0,4.0,9.0,10.0,5.0,6.0,13.0,16.0,8.0,4.0,12.0,4.0,2.0,7.0,6.0,6.0,8.0,7.0,5
2024-08-28,Hafta İçi,Yaz,İş Günü,August,Wednesday,5.0,10.0,7.0,6.0,10.0,4.0,9.0,10.0,5.0,6.0,13.0,16.0,8.0,4.0,12.0,4.0,2.0,7.0,6.0,6.0,8.0,3
2024-08-29,Hafta İçi,Yaz,İş Günü,August,Thursday,3.0,5.0,10.0,7.0,6.0,10.0,4.0,9.0,10.0,5.0,6.0,13.0,16.0,8.0,4.0,12.0,4.0,2.0,7.0,6.0,6.0,12
2024-08-30,Resmi Tatil,Yaz,Tatil Günü,August,Friday,12.0,3.0,5.0,10.0,7.0,6.0,10.0,4.0,9.0,10.0,5.0,6.0,13.0,16.0,8.0,4.0,12.0,4.0,2.0,7.0,6.0,2
2024-08-31,Hafta Sonu,Yaz,Tatil Günü,August,Saturday,2.0,12.0,3.0,5.0,10.0,7.0,6.0,10.0,4.0,9.0,10.0,5.0,6.0,13.0,16.0,8.0,4.0,12.0,4.0,2.0,7.0,3
2024-09-01,Hafta Sonu,Sonbahar,Tatil Günü,September,Sunday,3.0,2.0,12.0,3.0,5.0,10.0,7.0,6.0,10.0,4.0,9.0,10.0,5.0,6.0,13.0,16.0,8.0,4.0,12.0,4.0,2.0,2
2024-09-02,Hafta İçi,Sonbahar,İş Günü,September,Monday,2.0,3.0,2.0,12.0,3.0,5.0,10.0,7.0,6.0,10.0,4.0,9.0,10.0,5.0,6.0,13.0,16.0,8.0,4.0,12.0,4.0,10
2024-09-03,Hafta İçi,Sonbahar,İş Günü,September,Tuesday,10.0,2.0,3.0,2.0,12.0,3.0,5.0,10.0,7.0,6.0,10.0,4.0,9.0,10.0,5.0,6.0,13.0,16.0,8.0,4.0,12.0,8
2024-09-04,Hafta İçi,Sonbahar,İş Günü,September,Wednesday,8.0,10.0,2.0,3.0,2.0,12.0,3.0,5.0,10.0,7.0,6.0,10.0,4.0,9.0,10.0,5.0,6.0,13.0,16.0,8.0,4.0,6
2024-09-05,Hafta İçi,Sonbahar,İş Günü,September,Thursday,6.0,8.0,10.0,2.0,3.0,2.0,12.0,3.0,5.0,10.0,7.0,6.0,10.0,4.0,9.0,10.0,5.0,6.0,13.0,16.0,8.0,4
2024-09-06,Hafta İçi,Sonbahar,İş Günü,September,Friday,4.0,6.0,8.0,10.0,2.0,3.0,2.0,12.0,3.0,5.0,10.0,7.0,6.0,10.0,4.0,9.0,10.0,5.0,6.0,13.0,16.0,6
2024-09-07,Hafta Sonu,Sonbahar,Tatil Günü,September,Saturday,6.0,4.0,6.0,8.0,10.0,2.0,3.0,2.0,12.0,3.0,5.0,10.0,7.0,6.0,10.0,4.0,9.0,10.0,5.0,6.0,13.0,4
2024-09-08,Hafta Sonu,Sonbahar,Tatil Günü,September,Sunday,4.0,6.0,4.0,6.0,8.0,10.0,2.0,3.0,2.0,12.0,3.0,5.0,10.0,7.0,6.0,10.0,4.0,9.0,10.0,5.0,6.0,4
2024-09-09,Hafta İçi,Sonbahar,İş Günü,September,Monday,4.0,4.0,6.0,4.0,6.0,8.0,10.0,2.0,3.0,2.0,12.0,3.0,5.0,10.0,7.0,6.0,10.0,4.0,9.0,10.0,5.0,4
2024-09-10,Hafta İçi,Sonbahar,İş Günü,September,Tuesday,4.0,4.0,4.0,6.0,4.0,6.0,8.0,10.0,2.0,3.0,2.0,12.0,3.0,5.0,10.0,7.0,6.0,10.0,4.0,9.0,10.0,6
2024-09-11,Hafta İçi,Sonbahar,İş Günü,September,Wednesday,6.0,4.0,4.0,4.0,6.0,4.0,6.0,8.0,10.0,2.0,3.0,2.0,12.0,3.0,5.0,10.0,7.0,6.0,10.0,4.0,9.0,4
2024-09-12,Hafta İçi,Sonbahar,İş Günü,September,Thursday,4.0,6.0,4.0,4.0,4.0,6.0,4.0,6.0,8.0,10.0,2.0,3.0,2.0,12.0,3.0,5.0,10.0,7.0,6.0,10.0,4.0,2
2024-09-13,Hafta İçi,Sonbahar,İş Günü,September,Friday,2.0,4.0,6.0,4.0,4.0,4.0,6.0,4.0,6.0,8.0,10.0,2.0,3.0,2.0,12.0,3.0,5.0,10.0,7.0,6.0,10.0,3
2024-09-14,Hafta Sonu,Sonbahar,Tatil Günü,September,Saturday,3.0,2.0,4.0,6.0,4.0,4.0,4.0,6.0,4.0,6.0,8.0,10.0,2.0,3.0,2.0,12.0,3.0,5.0,10.0,7.0,6.0,5
2024-09-15,Hafta Sonu,Sonbahar,Tatil Günü,September,Sunday,5.0,3.0,2.0,4.0,6.0,4.0,4.0,4.0,6.0,4.0,6.0,8.0,10.0,2.0,3.0,2.0,12.0,3.0,5.0,10.0,7.0,1
2024-09-16,Hafta İçi,Sonbahar,İş Günü,September,Monday,1.0,5.0,3.0,2.0,4.0,6.0,4.0,4.0,4.0,6.0,4.0,6.0,8.0,10.0,2.0,3.0,2.0,12.0,3.0,5.0,10.0,4
2024-09-17,Hafta İçi,Sonbahar,İş Günü,September,Tuesday,4.0,1.0,5.0,3.0,2.0,4.0,6.0,4.0,4.0,4.0,6.0,4.0,6.0,8.0,10.0,2.0,3.0,2.0,12.0,3.0,5.0,5
2024-09-18,Hafta İçi,Sonbahar,İş Günü,September,Wednesday,5.0,4.0,1.0,5.0,3.0,2.0,4.0,6.0,4.0,4.0,4.0,6.0,4.0,6.0,8.0,10.0,2.0,3.0,2.0,12.0,3.0,6
2024-09-19,Hafta İçi,Sonbahar,İş Günü,September,Thursday,6.0,5.0,4.0,1.0,5.0,3.0,2.0,4.0,6.0,4.0,4.0,4.0,6.0,4.0,6.0,8.0,10.0,2.0,3.0,2.0,12.0,5
2024-09-20,Hafta İçi,Sonbahar,İş Günü,September,Friday,5.0,6.0,5.0,4.0,1.0,5.0,3.0,2.0,4.0,6.0,4.0,4.0,4.0,6.0,4.0,6.0,8.0,10.0,2.0,3.0,2.0,7
2024-09-21,Hafta Sonu,Sonbahar,Tatil Günü,September,Saturday,7.0,5.0,6.0,5.0,4.0,1.0,5.0,3.0,2.0,4.0,6.0,4.0,4.0,4.0,6.0,4.0,6.0,8.0,10.0,2.0,3.0,4
2024-09-22,Hafta Sonu,Sonbahar,Tatil Günü,September,Sunday,4.0,7.0,5.0,6.0,5.0,4.0,1.0,5.0,3.0,2.0,4.0,6.0,4.0,4.0,4.0,6.0,4.0,6.0,8.0,10.0,2.0,2
2024-09-23,Hafta İçi,Sonbahar,İş Günü,September,Monday,2.0,4.0,7.0,5.0,6.0,5.0,4.0,1.0,5.0,3.0,2.0,4.0,6.0,4.0,4.0,4.0,6.0,4.0,6.0,8.0,10.0,9
2024-09-24,Hafta İçi,Sonbahar,İş Günü,September,Tuesday,9.0,2.0,4.0,7.0,5.0,6.0,5.0,4.0,1.0,5.0,3.0,2.0,4.0,6.0,4.0,4.0,4.0,6.0,4.0,6.0,8.0,1
2024-09-25,Hafta İçi,Sonbahar,İş Günü,September,Wednesday,1.0,9.0,2.0,4.0,7.0,5.0,6.0,5.0,4.0,1.0,5.0,3.0,2.0,4.0,6.0,4.0,4.0,4.0,6.0,4.0,6.0,6
2024-09-26,Hafta İçi,Sonbahar,İş Günü,September,Thursday,6.0,1.0,9.0,2.0,4.0,7.0,5.0,6.0,5.0,4.0,1.0,5.0,3.0,2.0,4.0,6.0,4.0,4.0,4.0,6.0,4.0,2
2024-09-27,Hafta İçi,Sonbahar,İş Günü,September,Friday,2.0,6.0,1.0,9.0,2.0,4.0,7.0,5.0,6.0,5.0,4.0,1.0,5.0,3.0,2.0,4.0,6.0,4.0,4.0,4.0,6.0,7
2024-09-28,Hafta Sonu,Sonbahar,Tatil Günü,September,Saturday,7.0,2.0,6.0,1.0,9.0,2.0,4.0,7.0,5.0,6.0,5.0,4.0,1.0,5.0,3.0,2.0,4.0,6.0,4.0,4.0,4.0,7
2024-09-29,Hafta Sonu,Sonbahar,Tatil Günü,September,Sunday,7.0,7.0,2.0,6.0,1.0,9.0,2.0,4.0,7.0,5.0,6.0,5.0,4.0,1.0,5.0,3.0,2.0,4.0,6.0,4.0,4.0,4
2024-09-30,Hafta İçi,Sonbahar,İş Günü,September,Monday,4.0,7.0,7.0,2.0,6.0,1.0,9.0,2.0,4.0,7.0,5.0,6.0,5.0,4.0,1.0,5.0,3.0,2.0,4.0,6.0,4.0,5
2024-10-01,Hafta İçi,Sonbahar,İş Günü,October,Tuesday,5.0,4.0,7.0,7.0,2.0,6.0,1.0,9.0,2.0,4.0,7.0,5.0,6.0,5.0,4.0,1.0,5.0,3.0,2.0,4.0,6.0,10
2024-10-02,Hafta İçi,Sonbahar,İş Günü,October,Wednesday,10.0,5.0,4.0,7.0,7.0,2.0,6.0,1.0,9.0,2.0,4.0,7.0,5.0,6.0,5.0,4.0,1.0,5.0,3.0,2.0,4.0,4
2024-10-03,Hafta İçi,Sonbahar,İş Günü,October,Thursday,4.0,10.0,5.0,4.0,7.0,7.0,2.0,6.0,1.0,9.0,2.0,4.0,7.0,5.0,6.0,5.0,4.0,1.0,5.0,3.0,2.0,8
2024-10-04,Hafta İçi,Sonbahar,İş Günü,October,Friday,8.0,4.0,10.0,5.0,4.0,7.0,7.0,2.0,6.0,1.0,9.0,2.0,4.0,7.0,5.0,6.0,5.0,4.0,1.0,5.0,3.0,6
2024-10-05,Hafta Sonu,Sonbahar,Tatil Günü,October,Saturday,6.0,8.0,4.0,10.0,5.0,4.0,7.0,7.0,2.0,6.0,1.0,9.0,2.0,4.0,7.0,5.0,6.0,5.0,4.0,1.0,5.0,6
2024-10-06,Hafta Sonu,Sonbahar,Tatil Günü,October,Sunday,6.0,6.0,8.0,4.0,10.0,5.0,4.0,7.0,7.0,2.0,6.0,1.0,9.0,2.0,4.0,7.0,5.0,6.0,5.0,4.0,1.0,3
2024-10-07,Hafta İçi,Sonbahar,İş Günü,October,Monday,3.0,6.0,6.0,8.0,4.0,10.0,5.0,4.0,7.0,7.0,2.0,6.0,1.0,9.0,2.0,4.0,7.0,5.0,6.0,5.0,4.0,3
2024-10-08,Hafta İçi,Sonbahar,İş Günü,October,Tuesday,3.0,3.0,6.0,6.0,8.0,4.0,10.0,5.0,4.0,7.0,7.0,2.0,6.0,1.0,9.0,2.0,4.0,7.0,5.0,6.0,5.0,7
2024-10-09,Hafta İçi,Sonbahar,İş Günü,October,Wednesday,7.0,3.0,3.0,6.0,6.0,8.0,4.0,10.0,5.0,4.0,7.0,7.0,2.0,6.0,1.0,9.0,2.0,4.0,7.0,5.0,6.0,3
2024-10-10,Hafta İçi,Sonbahar,İş Günü,October,Thursday,3.0,7.0,3.0,3.0,6.0,6.0,8.0,4.0,10.0,5.0,4.0,7.0,7.0,2.0,6.0,1.0,9.0,2.0,4.0,7.0,5.0,5
2024-10-11,Hafta İçi,Sonbahar,İş Günü,October,Friday,5.0,3.0,7.0,3.0,3.0,6.0,6.0,8.0,4.0,10.0,5.0,4.0,7.0,7.0,2.0,6.0,1.0,9.0,2.0,4.0,7.0,4
2024-10-12,Hafta Sonu,Sonbahar,Tatil Günü,October,Saturday,4.0,5.0,3.0,7.0,3.0,3.0,6.0,6.0,8.0,4.0,10.0,5.0,4.0,7.0,7.0,2.0,6.0,1.0,9.0,2.0,4.0,2
2024-10-13,Hafta Sonu,Sonbahar,Tatil Günü,October,Sunday,2.0,4.0,5.0,3.0,7.0,3.0,3.0,6.0,6.0,8.0,4.0,10.0,5.0,4.0,7.0,7.0,2.0,6.0,1.0,9.0,2.0,1
2024-10-14,Hafta İçi,Sonbahar,İş Günü,October,Monday,1.0,2.0,4.0,5.0,3.0,7.0,3.0,3.0,6.0,6.0,8.0,4.0,10.0,5.0,4.0,7.0,7.0,2.0,6.0,1.0,9.0,6
2024-10-15,Hafta İçi,Sonbahar,İş Günü,October,Tuesday,6.0,1.0,2.0,4.0,5.0,3.0,7.0,3.0,3.0,6.0,6.0,8.0,4.0,10.0,5.0,4.0,7.0,7.0,2.0,6.0,1.0,9
2024-10-16,Hafta İçi,Sonbahar,İş Günü,October,Wednesday,9.0,6.0,1.0,2.0,4.0,5.0,3.0,7.0,3.0,3.0,6.0,6.0,8.0,4.0,10.0,5.0,4.0,7.0,7.0,2.0,6.0,8
2024-10-17,Hafta İçi,Sonbahar,İş Günü,October,Thursday,8.0,9.0,6.0,1.0,2.0,4.0,5.0,3.0,7.0,3.0,3.0,6.0,6.0,8.0,4.0,10.0,5.0,4.0,7.0,7.0,2.0,6
2024-10-18,Hafta İçi,Sonbahar,İş Günü,October,Friday,6.0,8.0,9.0,6.0,1.0,2.0,4.0,5.0,3.0,7.0,3.0,3.0,6.0,6.0,8.0,4.0,10.0,5.0,4.0,7.0,7.0,11
2024-10-19,Hafta Sonu,Sonbahar,Tatil Günü,October,Saturday,11.0,6.0,8.0,9.0,6.0,1.0,2.0,4.0,5.0,3.0,7.0,3.0,3.0,6.0,6.0,8.0,4.0,10.0,5.0,4.0,7.0,6
2024-10-20,Hafta Sonu,Sonbahar,Tatil Günü,October,Sunday,6.0,11.0,6.0,8.0,9.0,6.0,1.0,2.0,4.0,5.0,3.0,7.0,3.0,3.0,6.0,6.0,8.0,4.0,10.0,5.0,4.0,8
2024-10-21,Hafta İçi,Sonbahar,İş Günü,October,Monday,8.0,6.0,11.0,6.0,8.0,9.0,6.0,1.0,2.0,4.0,5.0,3.0,7.0,3.0,3.0,6.0,6.0,8.0,4.0,10.0,5.0,7
2024-10-22,Hafta İçi,Sonbahar,İş Günü,October,Tuesday,7.0,8.0,6.0,11.0,6.0,8.0,9.0,6.0,1.0,2.0,4.0,5.0,3.0,7.0,3.0,3.0,6.0,6.0,8.0,4.0,10.0,5
2024-10-23,Hafta İçi,Sonbahar,İş Günü,October,Wednesday,5.0,7.0,8.0,6.0,11.0,6.0,8.0,9.0,6.0,1.0,2.0,4.0,5.0,3.0,7.0,3.0,3.0,6.0,6.0,8.0,4.0,8
2024-10-24,Hafta İçi,Sonbahar,İş Günü,October,Thursday,8.0,5.0,7.0,8.0,6.0,11.0,6.0,8.0,9.0,6.0,1.0,2.0,4.0,5.0,3.0,7.0,3.0,3.0,6.0,6.0,8.0,8
2024-10-25,Hafta İçi,Sonbahar,İş Günü,October,Friday,8.0,8.0,5.0,7.0,8.0,6.0,11.0,6.0,8.0,9.0,6.0,1.0,2.0,4.0,5.0,3.0,7.0,3.0,3.0,6.0,6.0,10
2024-10-26,Hafta Sonu,Sonbahar,Tatil Günü,October,Saturday,10.0,8.0,8.0,5.0,7.0,8.0,6.0,11.0,6.0,8.0,9.0,6.0,1.0,2.0,4.0,5.0,3.0,7.0,3.0,3.0,6.0,6
2024-10-27,Hafta Sonu,Sonbahar,Tatil Günü,October,Sunday,6.0,10.0,8.0,8.0,5.0,7.0,8.0,6.0,11.0,6.0,8.0,9.0,6.0,1.0,2.0,4.0,5.0,3.0,7.0,3.0,3.0,7
2024-10-28,Resmi Tatil,Sonbahar,Tatil Günü,October,Monday,7.0,6.0,10.0,8.0,8.0,5.0,7.0,8.0,6.0,11.0,6.0,8.0,9.0,6.0,1.0,2.0,4.0,5.0,3.0,7.0,3.0,3
2024-10-29,Resmi Tatil,Sonbahar,Tatil Günü,October,Tuesday,3.0,7.0,6.0,10.0,8.0,8.0,5.0,7.0,8.0,6.0,11.0,6.0,8.0,9.0,6.0,1.0,2.0,4.0,5.0,3.0,7.0,2
2024-10-30,Hafta İçi,Sonbahar,İş Günü,October,Wednesday,2.0,3.0,7.0,6.0,10.0,8.0,8.0,5.0,7.0,8.0,6.0,11.0,6.0,8.0,9.0,6.0,1.0,2.0,4.0,5.0,3.0,6
2024-10-31,Hafta İçi,Sonbahar,İş Günü,October,Thursday,6.0,2.0,3.0,7.0,6.0,10.0,8.0,8.0,5.0,7.0,8.0,6.0,11.0,6.0,8.0,9.0,6.0,1.0,2.0,4.0,5.0,3
2024-11-01,Hafta İçi,Sonbahar,İş Günü,November,Friday,3.0,6.0,2.0,3.0,7.0,6.0,10.0,8.0,8.0,5.0,7.0,8.0,6.0,11.0,6.0,8.0,9.0,6.0,1.0,2.0,4.0,2
2024-11-02,Hafta Sonu,Sonbahar,Tatil Günü,November,Saturday,2.0,3.0,6.0,2.0,3.0,7.0,6.0,10.0,8.0,8.0,5.0,7.0,8.0,6.0,11.0,6.0,8.0,9.0,6.0,1.0,2.0,5
2024-11-03,Hafta Sonu,Sonbahar,Tatil Günü,November,Sunday,5.0,2.0,3.0,6.0,2.0,3.0,7.0,6.0,10.0,8.0,8.0,5.0,7.0,8.0,6.0,11.0,6.0,8.0,9.0,6.0,1.0,5
2024-11-04,Hafta İçi,Sonbahar,İş Günü,November,Monday,5.0,5.0,2.0,3.0,6.0,2.0,3.0,7.0,6.0,10.0,8.0,8.0,5.0,7.0,8.0,6.0,11.0,6.0,8.0,9.0,6.0,8
2024-11-05,Hafta İçi,Sonbahar,İş Günü,November,Tuesday,8.0,5.0,5.0,2.0,3.0,6.0,2.0,3.0,7.0,6.0,10.0,8.0,8.0,5.0,7.0,8.0,6.0,11.0,6.0,8.0,9.0,9
2024-11-06,Hafta İçi,Sonbahar,İş Günü,November,Wednesday,9.0,8.0,5.0,5.0,2.0,3.0,6.0,2.0,3.0,7.0,6.0,10.0,8.0,8.0,5.0,7.0,8.0,6.0,11.0,6.0,8.0,11
2024-11-07,Hafta İçi,Sonbahar,İş Günü,November,Thursday,11.0,9.0,8.0,5.0,5.0,2.0,3.0,6.0,2.0,3.0,7.0,6.0,10.0,8.0,8.0,5.0,7.0,8.0,6.0,11.0,6.0,8
2024-11-08,Hafta İçi,Sonbahar,İş Günü,November,Friday,8.0,11.0,9.0,8.0,5.0,5.0,2.0,3.0,6.0,2.0,3.0,7.0,6.0,10.0,8.0,8.0,5.0,7.0,8.0,6.0,11.0,7
2024-11-09,Hafta Sonu,Sonbahar,Tatil Günü,November,Saturday,7.0,8.0,11.0,9.0,8.0,5.0,5.0,2.0,3.0,6.0,2.0,3.0,7.0,6.0,10.0,8.0,8.0,5.0,7.0,8.0,6.0,7
2024-11-10,Hafta Sonu,Sonbahar,Tatil Günü,November,Sunday,7.0,7.0,8.0,11.0,9.0,8.0,5.0,5.0,2.0,3.0,6.0,2.0,3.0,7.0,6.0,10.0,8.0,8.0,5.0,7.0,8.0,4
2024-11-11,Hafta İçi,Sonbahar,İş Günü,November,Monday,4.0,7.0,7.0,8.0,11.0,9.0,8.0,5.0,5.0,2.0,3.0,6.0,2.0,3.0,7.0,6.0,10.0,8.0,8.0,5.0,7.0,7
2024-11-12,Hafta İçi,Sonbahar,İş Günü,November,Tuesday,7.0,4.0,7.0,7.0,8.0,11.0,9.0,8.0,5.0,5.0,2.0,3.0,6.0,2.0,3.0,7.0,6.0,10.0,8.0,8.0,5.0,12
2024-11-13,Hafta İçi,Sonbahar,İş Günü,November,Wednesday,12.0,7.0,4.0,7.0,7.0,8.0,11.0,9.0,8.0,5.0,5.0,2.0,3.0,6.0,2.0,3.0,7.0,6.0,10.0,8.0,8.0,6
2024-11-14,Hafta İçi,Sonbahar,İş Günü,November,Thursday,6.0,12.0,7.0,4.0,7.0,7.0,8.0,11.0,9.0,8.0,5.0,5.0,2.0,3.0,6.0,2.0,3.0,7.0,6.0,10.0,8.0,8
2024-11-15,Hafta İçi,Sonbahar,İş Günü,November,Friday,8.0,6.0,12.0,7.0,4.0,7.0,7.0,8.0,11.0,9.0,8.0,5.0,5.0,2.0,3.0,6.0,2.0,3.0,7.0,6.0,10.0,4
2024-11-16,Hafta Sonu,Sonbahar,Tatil Günü,November,Saturday,4.0,8.0,6.0,12.0,7.0,4.0,7.0,7.0,8.0,11.0,9.0,8.0,5.0,5.0,2.0,3.0,6.0,2.0,3.0,7.0,6.0,3
2024-11-17,Hafta Sonu,Sonbahar,Tatil Günü,November,Sunday,3.0,4.0,8.0,6.0,12.0,7.0,4.0,7.0,7.0,8.0,11.0,9.0,8.0,5.0,5.0,2.0,3.0,6.0,2.0,3.0,7.0,1
2024-11-18,Hafta İçi,Sonbahar,İş Günü,November,Monday,1.0,3.0,4.0,8.0,6.0,12.0,7.0,4.0,7.0,7.0,8.0,11.0,9.0,8.0,5.0,5.0,2.0,3.0,6.0,2.0,3.0,5
2024-11-19,Hafta İçi,Sonbahar,İş Günü,November,Tuesday,5.0,1.0,3.0,4.0,8.0,6.0,12.0,7.0,4.0,7.0,7.0,8.0,11.0,9.0,8.0,5.0,5.0,2.0,3.0,6.0,2.0,7
2024-11-20,Hafta İçi,Sonbahar,İş Günü,November,Wednesday,7.0,5.0,1.0,3.0,4.0,8.0,6.0,12.0,7.0,4.0,7.0,7.0,8.0,11.0,9.0,8.0,5.0,5.0,2.0,3.0,6.0,6
2024-11-21,Hafta İçi,Sonbahar,İş Günü,November,Thursday,6.0,7.0,5.0,1.0,3.0,4.0,8.0,6.0,12.0,7.0,4.0,7.0,7.0,8.0,11.0,9.0,8.0,5.0,5.0,2.0,3.0,2
2024-11-22,Hafta İçi,Sonbahar,İş Günü,November,Friday,2.0,6.0,7.0,5.0,1.0,3.0,4.0,8.0,6.0,12.0,7.0,4.0,7.0,7.0,8.0,11.0,9.0,8.0,5.0,5.0,2.0,9
2024-11-23,Hafta Sonu,Sonbahar,Tatil Günü,November,Saturday,9.0,2.0,6.0,7.0,5.0,1.0,3.0,4.0,8.0,6.0,12.0,7.0,4.0,7.0,7.0,8.0,11.0,9.0,8.0,5.0,5.0,3
2024-11-24,Hafta Sonu,Sonbahar,Tatil Günü,November,Sunday,3.0,9.0,2.0,6.0,7.0,5.0,1.0,3.0,4.0,8.0,6.0,12.0,7.0,4.0,7.0,7.0,8.0,11.0,9.0,8.0,5.0,3
2024-11-25,Hafta İçi,Sonbahar,İş Günü,November,Monday,3.0,3.0,9.0,2.0,6.0,7.0,5.0,1.0,3.0,4.0,8.0,6.0,12.0,7.0,4.0,7.0,7.0,8.0,11.0,9.0,8.0,5
2024-11-26,Hafta İçi,Sonbahar,İş Günü,November,Tuesday,5.0,3.0,3.0,9.0,2.0,6.0,7.0,5.0,1.0,3.0,4.0,8.0,6.0,12.0,7.0,4.0,7.0,7.0,8.0,11.0,9.0,3
2024-11-27,Hafta İçi,Sonbahar,İş Günü,November,Wednesday,3.0,5.0,3.0,3.0,9.0,2.0,6.0,7.0,5.0,1.0,3.0,4.0,8.0,6.0,12.0,7.0,4.0,7.0,7.0,8.0,11.0,8
2024-11-29,Hafta İçi,Sonbahar,İş Günü,November,Friday,8.0,3.0,5.0,3.0,3.0,9.0,2.0,6.0,7.0,5.0,1.0,3.0,4.0,8.0,6.0,12.0,7.0,4.0,7.0,7.0,8.0,6
2024-11-30,Hafta Sonu,Sonbahar,Tatil Günü,November,Saturday,6.0,8.0,3.0,5.0,3.0,3.0,9.0,2.0,6.0,7.0,5.0,1.0,3.0,4.0,8.0,6.0,12.0,7.0,4.0,7.0,7.0,5
2024-12-02,Hafta İçi,Kış,İş Günü,December,Monday,5.0,6.0,8.0,3.0,5.0,3.0,3.0,9.0,2.0,6.0,7.0,5.0,1.0,3.0,4.0,8.0,6.0,12.0,7.0,4.0,7.0,5
2024-12-03,Hafta İçi,Kış,İş Günü,December,Tuesday,5.0,5.0,6.0,8.0,3.0,5.0,3.0,3.0,9.0,2.0,6.0,7.0,5.0,1.0,3.0,4.0,8.0,6.0,12.0,7.0,4.0,3
2024-12-04,Hafta İçi,Kış,İş Günü,December,Wednesday,3.0,5.0,5.0,6.0,8.0,3.0,5.0,3.0,3.0,9.0,2.0,6.0,7.0,5.0,1.0,3.0,4.0,8.0,6.0,12.0,7.0,5
2024-12-05,Hafta İçi,Kış,İş Günü,December,Thursday,5.0,3.0,5.0,5.0,6.0,8.0,3.0,5.0,3.0,3.0,9.0,2.0,6.0,7.0,5.0,1.0,3.0,4.0,8.0,6.0,12.0,3
2024-12-06,Hafta İçi,Kış,İş Günü,December,Friday,3.0,5.0,3.0,5.0,5.0,6.0,8.0,3.0,5.0,3.0,3.0,9.0,2.0,6.0,7.0,5.0,1.0,3.0,4.0,8.0,6.0,10
2024-12-07,Hafta Sonu,Kış,Tatil Günü,December,Saturday,10.0,3.0,5.0,3.0,5.0,5.0,6.0,8.0,3.0,5.0,3.0,3.0,9.0,2.0,6.0,7.0,5.0,1.0,3.0,4.0,8.0,2
2024-12-08,Hafta Sonu,Kış,Tatil Günü,December,Sunday,2.0,10.0,3.0,5.0,3.0,5.0,5.0,6.0,8.0,3.0,5.0,3.0,3.0,9.0,2.0,6.0,7.0,5.0,1.0,3.0,4.0,3
2024-12-09,Hafta İçi,Kış,İş Günü,December,Monday,3.0,2.0,10.0,3.0,5.0,3.0,5.0,5.0,6.0,8.0,3.0,5.0,3.0,3.0,9.0,2.0,6.0,7.0,5.0,1.0,3.0,3
2024-12-10,Hafta İçi,Kış,İş Günü,December,Tuesday,3.0,3.0,2.0,10.0,3.0,5.0,3.0,5.0,5.0,6.0,8.0,3.0,5.0,3.0,3.0,9.0,2.0,6.0,7.0,5.0,1.0,8
2024-12-12,Hafta İçi,Kış,İş Günü,December,Thursday,8.0,3.0,3.0,2.0,10.0,3.0,5.0,3.0,5.0,5.0,6.0,8.0,3.0,5.0,3.0,3.0,9.0,2.0,6.0,7.0,5.0,3
2024-12-13,Hafta İçi,Kış,İş Günü,December,Friday,3.0,8.0,3.0,3.0,2.0,10.0,3.0,5.0,3.0,5.0,5.0,6.0,8.0,3.0,5.0,3.0,3.0,9.0,2.0,6.0,7.0,5
2024-12-14,Hafta Sonu,Kış,Tatil Günü,December,Saturday,5.0,3.0,8.0,3.0,3.0,2.0,10.0,3.0,5.0,3.0,5.0,5.0,6.0,8.0,3.0,5.0,3.0,3.0,9.0,2.0,6.0,5
2024-12-15,Hafta Sonu,Kış,Tatil Günü,December,Sunday,5.0,5.0,3.0,8.0,3.0,3.0,2.0,10.0,3.0,5.0,3.0,5.0,5.0,6.0,8.0,3.0,5.0,3.0,3.0,9.0,2.0,1
2024-12-16,Hafta İçi,Kış,İş Günü,December,Monday,1.0,5.0,5.0,3.0,8.0,3.0,3.0,2.0,10.0,3.0,5.0,3.0,5.0,5.0,6.0,8.0,3.0,5.0,3.0,3.0,9.0,2
2024-12-17,Hafta İçi,Kış,İş Günü,December,Tuesday,2.0,1.0,5.0,5.0,3.0,8.0,3.0,3.0,2.0,10.0,3.0,5.0,3.0,5.0,5.0,6.0,8.0,3.0,5.0,3.0,3.0,14
2024-12-18,Hafta İçi,Kış,İş Günü,December,Wednesday,14.0,2.0,1.0,5.0,5.0,3.0,8.0,3.0,3.0,2.0,10.0,3.0,5.0,3.0,5.0,5.0,6.0,8.0,3.0,5.0,3.0,5
2024-12-19,Hafta İçi,Kış,İş Günü,December,Thursday,5.0,14.0,2.0,1.0,5.0,5.0,3.0,8.0,3.0,3.0,2.0,10.0,3.0,5.0,3.0,5.0,5.0,6.0,8.0,3.0,5.0,9
2024-12-20,Hafta İçi,Kış,İş Günü,December,Friday,9.0,5.0,14.0,2.0,1.0,5.0,5.0,3.0,8.0,3.0,3.0,2.0,10.0,3.0,5.0,3.0,5.0,5.0,6.0,8.0,3.0,8
2024-12-22,Hafta Sonu,Kış,Tatil Günü,December,Sunday,8.0,9.0,5.0,14.0,2.0,1.0,5.0,5.0,3.0,8.0,3.0,3.0,2.0,10.0,3.0,5.0,3.0,5.0,5.0,6.0,8.0,2
2024-12-23,Hafta İçi,Kış,İş Günü,December,Monday,2.0,8.0,9.0,5.0,14.0,2.0,1.0,5.0,5.0,3.0,8.0,3.0,3.0,2.0,10.0,3.0,5.0,3.0,5.0,5.0,6.0,5
2024-12-24,Hafta İçi,Kış,İş Günü,December,Tuesday,5.0,2.0,8.0,9.0,5.0,14.0,2.0,1.0,5.0,5.0,3.0,8.0,3.0,3.0,2.0,10.0,3.0,5.0,3.0,5.0,5.0,5
2024-12-25,Hafta İçi,Kış,İş Günü,December,Wednesday,5.0,5.0,2.0,8.0,9.0,5.0,14.0,2.0,1.0,5.0,5.0,3.0,8.0,3.0,3.0,2.0,10.0,3.0,5.0,3.0,5.0,11
2024-12-26,Hafta İçi,Kış,İş Günü,December,Thursday,11.0,5.0,5.0,2.0,8.0,9.0,5.0,14.0,2.0,1.0,5.0,5.0,3.0,8.0,3.0,3.0,2.0,10.0,3.0,5.0,3.0,4
2024-12-27,Hafta İçi,Kış,İş Günü,December,Friday,4.0,11.0,5.0,5.0,2.0,8.0,9.0,5.0,14.0,2.0,1.0,5.0,5.0,3.0,8.0,3.0,3.0,2.0,10.0,3.0,5.0,8
2024-12-28,Hafta Sonu,Kış,Tatil Günü,December,Saturday,8.0,4.0,11.0,5.0,5.0,2.0,8.0,9.0,5.0,14.0,2.0,1.0,5.0,5.0,3.0,8.0,3.0,3.0,2.0,10.0,3.0,5
2024-12-29,Hafta Sonu,Kış,Tatil Günü,December,Sunday,5.0,8.0,4.0,11.0,5.0,5.0,2.0,8.0,9.0,5.0,14.0,2.0,1.0,5.0,5.0,3.0,8.0,3.0,3.0,2.0,10.0,3
2024-12-30,Hafta İçi,Kış,İş Günü,December,Monday,3.0,5.0,8.0,4.0,11.0,5.0,5.0,2.0,8.0,9.0,5.0,14.0,2.0,1.0,5.0,5.0,3.0,8.0,3.0,3.0,2.0,4
2024-12-31,Resmi Tatil,Kış,Tatil Günü,December,Tuesday,4.0,3.0,5.0,8.0,4.0,11.0,5.0,5.0,2.0,8.0,9.0,5.0,14.0,2.0,1.0,5.0,5.0,3.0,8.0,3.0,3.0,3
2025-01-01,Resmi Tatil,Kış,Tatil Günü,January,Wednesday,3.0,4.0,3.0,5.0,8.0,4.0,11.0,5.0,5.0,2.0,8.0,9.0,5.0,14.0,2.0,1.0,5.0,5.0,3.0,8.0,3.0,4
2025-01-02,Hafta İçi,Kış,İş Günü,January,Thursday,4.0,3.0,4.0,3.0,5.0,8.0,4.0,11.0,5.0,5.0,2.0,8.0,9.0,5.0,14.0,2.0,1.0,5.0,5.0,3.0,8.0,10
2025-01-03,Hafta İçi,Kış,İş Günü,January,Friday,10.0,4.0,3.0,4.0,3.0,5.0,8.0,4.0,11.0,5.0,5.0,2.0,8.0,9.0,5.0,14.0,2.0,1.0,5.0,5.0,3.0,4
2025-01-04,Hafta Sonu,Kış,Tatil Günü,January,Saturday,4.0,10.0,4.0,3.0,4.0,3.0,5.0,8.0,4.0,11.0,5.0,5.0,2.0,8.0,9.0,5.0,14.0,2.0,1.0,5.0,5.0,2
2025-01-05,Hafta Sonu,Kış,Tatil Günü,January,Sunday,2.0,4.0,10.0,4.0,3.0,4.0,3.0,5.0,8.0,4.0,11.0,5.0,5.0,2.0,8.0,9.0,5.0,14.0,2.0,1.0,5.0,1
2025-01-06,Hafta İçi,Kış,İş Günü,January,Monday,1.0,2.0,4.0,10.0,4.0,3.0,4.0,3.0,5.0,8.0,4.0,11.0,5.0,5.0,2.0,8.0,9.0,5.0,14.0,2.0,1.0,4
2025-01-07,Hafta İçi,Kış,İş Günü,January,Tuesday,4.0,1.0,2.0,4.0,10.0,4.0,3.0,4.0,3.0,5.0,8.0,4.0,11.0,5.0,5.0,2.0,8.0,9.0,5.0,14.0,2.0,3
2025-01-09,Hafta İçi,Kış,İş Günü,January,Thursday,3.0,4.0,1.0,2.0,4.0,10.0,4.0,3.0,4.0,3.0,5.0,8.0,4.0,11.0,5.0,5.0,2.0,8.0,9.0,5.0,14.0,5
2025-01-10,Hafta İçi,Kış,İş Günü,January,Friday,5.0,3.0,4.0,1.0,2.0,4.0,10.0,4.0,3.0,4.0,3.0,5.0,8.0,4.0,11.0,5.0,5.0,2.0,8.0,9.0,5.0,1
2025-01-11,Hafta Sonu,Kış,Tatil Günü,January,Saturday,1.0,5.0,3.0,4.0,1.0,2.0,4.0,10.0,4.0,3.0,4.0,3.0,5.0,8.0,4.0,11.0,5.0,5.0,2.0,8.0,9.0,5
2025-01-12,Hafta Sonu,Kış,Tatil Günü,January,Sunday,5.0,1.0,5.0,3.0,4.0,1.0,2.0,4.0,10.0,4.0,3.0,4.0,3.0,5.0,8.0,4.0,11.0,5.0,5.0,2.0,8.0,3
2025-01-13,Hafta İçi,Kış,İş Günü,January,Monday,3.0,5.0,1.0,5.0,3.0,4.0,1.0,2.0,4.0,10.0,4.0,3.0,4.0,3.0,5.0,8.0,4.0,11.0,5.0,5.0,2.0,8
2025-01-14,Hafta İçi,Kış,İş Günü,January,Tuesday,8.0,3.0,5.0,1.0,5.0,3.0,4.0,1.0,2.0,4.0,10.0,4.0,3.0,4.0,3.0,5.0,8.0,4.0,11.0,5.0,5.0,3
2025-01-15,Hafta İçi,Kış,İş Günü,January,Wednesday,3.0,8.0,3.0,5.0,1.0,5.0,3.0,4.0,1.0,2.0,4.0,10.0,4.0,3.0,4.0,3.0,5.0,8.0,4.0,11.0,5.0,5
2025-01-16,Hafta İçi,Kış,İş Günü,January,Thursday,5.0,3.0,8.0,3.0,5.0,1.0,5.0,3.0,4.0,1.0,2.0,4.0,10.0,4.0,3.0,4.0,3.0,5.0,8.0,4.0,11.0,3
2025-01-17,Hafta İçi,Kış,İş Günü,January,Friday,3.0,5.0,3.0,8.0,3.0,5.0,1.0,5.0,3.0,4.0,1.0,2.0,4.0,10.0,4.0,3.0,4.0,3.0,5.0,8.0,4.0,4
2025-01-18,Hafta Sonu,Kış,Tatil Günü,January,Saturday,4.0,3.0,5.0,3.0,8.0,3.0,5.0,1.0,5.0,3.0,4.0,1.0,2.0,4.0,10.0,4.0,3.0,4.0,3.0,5.0,8.0,4
2025-01-19,Hafta Sonu,Kış,Tatil Günü,January,Sunday,4.0,4.0,3.0,5.0,3.0,8.0,3.0,5.0,1.0,5.0,3.0,4.0,1.0,2.0,4.0,10.0,4.0,3.0,4.0,3.0,5.0,3
2025-01-20,Hafta İçi,Kış,İş Günü,January,Monday,3.0,4.0,4.0,3.0,5.0,3.0,8.0,3.0,5.0,1.0,5.0,3.0,4.0,1.0,2.0,4.0,10.0,4.0,3.0,4.0,3.0,4
2025-01-21,Hafta İçi,Kış,İş Günü,January,Tuesday,4.0,3.0,4.0,4.0,3.0,5.0,3.0,8.0,3.0,5.0,1.0,5.0,3.0,4.0,1.0,2.0,4.0,10.0,4.0,3.0,4.0,3
2025-01-22,Hafta İçi,Kış,İş Günü,January,Wednesday,3.0,4.0,3.0,4.0,4.0,3.0,5.0,3.0,8.0,3.0,5.0,1.0,5.0,3.0,4.0,1.0,2.0,4.0,10.0,4.0,3.0,6
2025-01-23,Hafta İçi,Kış,İş Günü,January,Thursday,6.0,3.0,4.0,3.0,4.0,4.0,3.0,5.0,3.0,8.0,3.0,5.0,1.0,5.0,3.0,4.0,1.0,2.0,4.0,10.0,4.0,7
2025-01-24,Hafta İçi,Kış,İş Günü,January,Friday,7.0,6.0,3.0,4.0,3.0,4.0,4.0,3.0,5.0,3.0,8.0,3.0,5.0,1.0,5.0,3.0,4.0,1.0,2.0,4.0,10.0,13
2025-01-25,Hafta Sonu,Kış,Tatil Günü,January,Saturday,13.0,7.0,6.0,3.0,4.0,3.0,4.0,4.0,3.0,5.0,3.0,8.0,3.0,5.0,1.0,5.0,3.0,4.0,1.0,2.0,4.0,8
2025-01-26,Hafta Sonu,Kış,Tatil Günü,January,Sunday,8.0,13.0,7.0,6.0,3.0,4.0,3.0,4.0,4.0,3.0,5.0,3.0,8.0,3.0,5.0,1.0,5.0,3.0,4.0,1.0,2.0,2
2025-01-27,Hafta İçi,Kış,İş Günü,January,Monday,2.0,8.0,13.0,7.0,6.0,3.0,4.0,3.0,4.0,4.0,3.0,5.0,3.0,8.0,3.0,5.0,1.0,5.0,3.0,4.0,1.0,5
2025-01-28,Hafta İçi,Kış,İş Günü,January,Tuesday,5.0,2.0,8.0,13.0,7.0,6.0,3.0,4.0,3.0,4.0,4.0,3.0,5.0,3.0,8.0,3.0,5.0,1.0,5.0,3.0,4.0,4
2025-01-29,Hafta İçi,Kış,İş Günü,January,Wednesday,4.0,5.0,2.0,8.0,13.0,7.0,6.0,3.0,4.0,3.0,4.0,4.0,3.0,5.0,3.0,8.0,3.0,5.0,1.0,5.0,3.0,12
2025-01-30,Hafta İçi,Kış,İş Günü,January,Thursday,12.0,4.0,5.0,2.0,8.0,13.0,7.0,6.0,3.0,4.0,3.0,4.0,4.0,3.0,5.0,3.0,8.0,3.0,5.0,1.0,5.0,8
2025-01-31,Hafta İçi,Kış,İş Günü,January,Friday,8.0,12.0,4.0,5.0,2.0,8.0,13.0,7.0,6.0,3.0,4.0,3.0,4.0,4.0,3.0,5.0,3.0,8.0,3.0,5.0,1.0,3
